name ,state,region ,district ,per.black,county,age ,native.state,profession ,realprop.60,persprop.60,realprop.70,persprop.70,died,slaves ,slaves.father,former.office,future.office,bio
"Adams, Thomas ",AL,p ,28,41.5,Talladega ,55,sc ,Merchant ,$400,"$2,000",,,,0,,,,"Whig, ariti-secessionist, antagonized Confederate authorities"
,AL,,,,,,,,,,,,,,,,,
,AL,,,,,,,,,,,,,,,,,
"Alexander, John* ",AL,p ,20,57.3,Autauga ,28,AL ,Planter ,$0,"$3,000","$35,000","$5,000",,0,,,County commissioner ,Union League 
,AL,,,,,,,,,,,,,,,,,
"Austin, William ",AL,TV ,38,18.9,Jackson ,55,TN ,Merchant ,"$23,000","$22,500",$700,"$3,500",,20,,,,"Unionist, refugee in North during war "
,AL,,,,,,,,,,,,,,,,,
"Autrey, James ",AL,p ,30,22.5,Calhoun ,45,AL ,Farmer ,"$3,000",$400,,,,0,,,,A constant Union man 
,AL,,,,,,,,,,,,,,,,,
"Brigham, Arthur ",AL,p ,28,41.5,Talladega ,45,NY ,Cabinetmaker ,"$3,000","$4,000","$10,000",$500,,2,,,State treasurer ,"Whig, Douglas supporter in 1860, opposed secession, refugee "
,AL,,,,,,,,,,,,,,,,,
"Brigham, Daniel ",AL,TV ,43,47.4,Limestone ,65,VT ,Editor ,"$2,000","$1,800",,,1,0,,(Registrar of bankruptcy) ,,"Unionist, driven out of AL "
,AL,,,,,,,,,,,,,,,,,
"Blackford, William ",AL,B ,22,79.2,Hale ,39,VA ,Physician ,"$4,000","$2,700","$5,000","$5,500",,0,,,Probate judge ,"Unionist, Confederate veteran "
,AL,,,,,,,,,,,,,,,,,
"Brunson, Simeon ",AL,p ,18,71.8,Pickens ,58,GA ,Farmer ,$400,"$5,760",$500,$500,,5,,,Statehouse ,Sometimes classified as black 
,AL,,,,,,,,,,,,,,,,,
"Cabot, Charles* ",AL,p ,20,57.3,Elmore ,42,VT ,Farmer ,"$5,000","$26,000","$12,000","$10,000",,8,,(Delegate to 1865 const. convention),county commissioner ,Democrat 
,AL,,,,,,,,,,,,,,,,,
,AL,,,,,,,,,,,,,,,,,
"Collins, Alfred ",AL,M ,37,6.6,DeKalb ,50,TN ,Farmer ,"$3,000","$5,000","$5,000","$1,000",,4,,,,"Whig, Unionist, accused of murdering Congressman Haughey "
,AL,,,,,,,,,,,,,,,,,
"Davis, Joseph ",AL,p ,27,14.3,Randolph ,48,GA ,Physician ,"$2,000","$5,000","$2,000","$1,425",,3,,(Delegate to 1865 const. convention) ,,Surgeon in Union army 
,AL,,,,,,,,,,,,,,,,,
"Deal, H. Ransom* ",AL,PW ,5,28.3,Dale ,40,AL ,Farmer ,$0,$400,$750,$750,,0,,(Delegate to 1865 const. convention) ,,
,AL,,,,,,,,,,,,,,,,,
"Dykes, George ",AL,M ,36,14.2,Cherokee ,52,GA ,Farmer ,,,"$8,000","$1,500",,,,,,"Voted for Douglas in 1860, anti-secessionist, Unionist "
,AL,,,,,,,,,,,,,,,,,
"Ewing, William* ",AL,M ,35,11.7,Baine ,43,VA ,Physician ,"$3,200","$2,200","$4,000",$150,,0,,,Postmaster ,"Voted for Douglas in 1860, anti-secessionist, left GA for northern AL in 1862 "
,AL,,,,,,,,,,,,,,,,,
,AL,,,,,,,,,,,,,,,,,
"Folmar, James* ",AL,PW ,7,54.8,Pike ,45,AL ,Merchant ,,,"$3,500","$5,000",,,,,Mayor of Troy ,Anti-secessionist 
,AL,,,,,,,,,,,,,,,,,
"Garrison, William ",AL,M ,35,11.7,Blount ,,,Minister ,,,,,,,,,Justice of peace ,"Unionist, refugee in North, Freedmen's Bureau agent, Unionist, Confederate officer "
,AL,,,,,,,,,,,,,,,,,
"Graves, George* ",AL,B ,21,77.9,Perry ,35,VA ,Physician ,$0,"$1,000",,,,0,,,,
,AL,,,,,,,,,,,,,,,,,
"Greathouse, Early* ",AL,p ,23,38.1,Tallapoosa ,56,GA ,Farmer ,"$5,000","$9,500","$1,000",$800,,12,,(Delegate to 1865 const. convention) ,,Pro-North before war 
,AL,,,,,,- ,,,,,,,,,,,
"Haughey, Thomas ",AL,TV ,40,31.4,Morgan ,43,Scotland ,Physician ,"$1,600","$5,400",,,1,,,,U.S. congressman ,Union surgeon 
,AL,,,,,,,,,,,,,,,,,
"Hayes, Charles ",AL,B ,22,79.2,Greene ,31,AL ,Planter ,"$112,500","$98,750","$50,000","$6,000",,93,,,U.S. congressman ,"Douglas Democrat, Confederate officer, threatened by KKK "
,AL,,,,,,,,,,,,,,,,,
"Horton, Gustavus ",AL,M ,,60.7,Mobile ,59,MA ,Cotton broker ,$0,$0,"$1,600","$1,000",,0,,(Mayor of Mobile),probate judge,"Jacksonian Democrat, Unionist "
,AL,,,,,,,,,,,,,,,,,
,AL,,,,,,,,,,,,,,,,,
"Howard, James ",AL,PW ,8,26,Crenshaw ,25,AL ,Farmer ,,,"$1,000","$3,000",,,,(County superintendent of education),,Democrat 
"Hurst, James* ",AL,p ,24,26.8,Coosa ,40,GA ,Lawyer ,"$1,200","$2,200",$500,$860,,0,,,U.S. commissioner ,
,AL,,,,,,,,,,,,,,,,,
"Jackson, James ",AL,PW ,11,62,Clarke ,57,GA ,Warehouse keeper ,"$10,000","$10,000","$5,000","$1,200",,15,,(Justice of peace) ,,
,AL,,,,,,,,,,,,,,,,,
"Jolly, John* ",AL,PW ,5,28.3,Coffee ,32,GA ,Grocery merchant ,,,$100,"$1,000",,,,,Notary public ,
,AL,,,,,,,,,,,,,,,,,
"Jones, Augustus ",AL,PW ,3,49.3,Conecuh ,47,AL ,Farmer ,"$4,500","$12,000",$400,"$1,200",,7,,,Probate judge ,
,AL,,,,,,,,,,,,,,,,,
"Jones, William ",AL,PW ,4,40,Covington ,,,,,,,,,,,,,
"Krennamer, Seaborn ",AL,M ,39,16.7,Marshal ,37,AL ,Farmer ,$0,"$1,000","$1,100",$500,,0,,,State representative ,"Union officer, former Whig "
,AL,,,,,,,,,,,,,,,,,
"Latham, Samuel* ",AL,PW ,7,54.8,Pike ,46,VA ,Merchant ,,,"$1,500",$300,,,,,,Sometimes classified as black 
,AL,,,,,,,,,,,,,,,,,
"Lore, David ",AL,PW ,6,65.1,Barbour ,59,NJ ,Farmer ,"$3,500","$4,000",$0,$100,,4,,,State representative ,
,AL,,,,,,,,,,,,,,,,,
"Mahan, Jesse ",AL,p ,26,40.1,Bibb ,51,TN ,Farmer ,"$4,000","$1,000","$2,700","$1,500",,0,,,State senator ,
,AL,,,,,,,,,,,,,,,,,
"Martin, John ",AL,B ,14,69.3,Macon ,41,sc ,Lawyer ,,,,,,,,,U.S. auditor ,"Former Democrat, anti-secessionist "
,AL,,,,,,,,,,,,,,,,,
"Masterson, Byron 0. ",AL,TV ,41,43.2,Lawrence ,44,AL ,Physician ,"$3,000","$2,000","$4,000","$1,400",,,,,Republican nominee for Congress ,"Former Whig, Unionist "
,AL,,,,,,,,,,,,,,,,,
"Meadors, John* ",AL,p ,19,55.2,Lee ,29,AL ,Lawyer ,,,,,,,,"(State legislator, 1865)","state legislator, 1872",Confederate captain 
,AL,,,,,,,,,,,,,,,,,
"Moore, Stephen ",AL,PW ,2,61.2,Baldwin ,65,NY ,Physician ,$0,"$3,300",,,,2,,,"Registrar in 1867,candidate for state senator in 1868 ",
,AL,,,,,,,,,,,,,,,,,
"Morton, John ",AL,M ,33,11.7,Fayette ,43,AL ,Physician ,,,$500,$700,,,,(Delegate to 1865 const. convention),state senator ,Union veteran 
,AL,,,,,,,,,,,,,,,,,
"Peck, Elisha ",AL,p ,29,48.5,Tuscaloosa ,67,NY ,Lawyer ,"$20,000","$80,000","$21,000","$69,000",,19,,,Chief justice state supreme court ,"Whig, Unionist, virtual invalid "
,AL,,,,,,,,,,,,,,,,,
"Peters, Thomas ",AL,1V ,41,43.2,Lawrence ,55,TN ,Lawyer ,"$1,900","$23,000",,,,7,,,Chief justice state supreme court,"Unionist, pro-Douglas in 1860, former Whig, fled to North, read French and Latin"
,AL,,,,,,,,,,,,,,,,,
,AL,,,,,,,,,,,,,,,,,
"Plowman, George ",AL,p ,28,41.5,Talladega ,54,NC ,Tanner ,,,$500,$300,,,,(Mayor of Talladega) ,,"Whig, Unionist "
,AL,,,,,,,,,,,,,,,,,
"Russell, Henry ",AL,PW ,6,65.1,Barbour ,40,NC ,Justice of peace in 1850s ,,,$0,"$2,500",,,,(Justice of peace),probate judge,
,AL,,,,,,,,,,,,,,,,,
,AL,,,,,,,,,,,,,,,,,
"Russell, Timothy* ",AL,p ,23,38.1,Tallapoosa ,55,sc ,Planter ,$700,"$25,000",,,1,28,,(Delegate to 1861 secession conv. and 1865 const. convention) ,,Voted against secession in 1861 convention 
,AL,,,,,,,,,,,,,,,,,
,AL,,,,,,,,,,,,,,,,,
"Saffold, Benjamin ",AL,B ,16,82.5,Dallas ,41,AL ,Lawyer ,"$21,000","$70,000",$0,$0,,12,,(Mayor of Selma),justice on state supreme court,"Douglas Democrat, fled to North, father justice on state supreme court "
,AL,,,,,,,,,,,,,,,,,
,AL,,,,,,,,,,,,,,,,,
"Semple, Henry* ",AL,B ,15,75.6,Montgomery ,45,VA ,Lawyer ,"$20,000","$35,000","$20,000","$20,000",,12,,,,"Unionist, Confederate major, nephew of President John Tyler Unionist"
,AL,,,,,,,,,,,,,,,,,
"Simmons, Calvin ",AL,1V ,44,30.2,Colbert ,41,TN ,Farmer ,,,"$6,000","$1,200",,,,,State representative ,
,AL,,,,,,,,,,,,,,,,,
"Skinner, William ",AL,1V ,44,30.2,Franklin ,54,KY ,Lawyer ,"$1,000","$2,500","$1,000","$1,670",,6,,,"Chancellor, 1st judicial district ","Whig, Unionist in secession crisis "
,AL,,,,,,,,,,,,,,,,,
"Speed, Joseph* ",AL,B ,21,77.9,Perry ,33,VA ,Educator ,$0,"$15,000",$0,$0,,14,,,State superintendent of education ,"Whig, antipsecessionist, Confederate captain "
,AL,,,,,,,,,,,,,,,,,
"Springfield, Henry ",AL,p ,31,20.6,St. Clair ,30,GA ,Farmer ,$0,$0,"$3,500","$1,800",,0,,,State representative ,"Confederate deserter, Union captain "
,AL,,,,,,,,,,,,,,,,,
"Steed, Calvin ",AL,p ,30,22.5,Cleburne ,45,NC ,Farmer ,,,"$1,000","$1,000",,,,,,
,AL,,,,,,,,,,,,,,,,,
"Stewart, James* ",AL,TV ,43,47.4,Lauderdale ,55,sc ,Physician ,"$3,000","$42,436","$1,500",$600,,19,,"(State senator during war, Democrat) ",,Confederate surgeon 
,AL,,,,,,,,,,,,,,,,,
"Stow, James* ",AL,B ,15,75.6,Montgomery ,51,CT ,Farmer ,,,,,,0,,,State senator ,
"Strange, Littleberry ",AL,B ,14,69.3,Macon ,57,sc ,Circuit ct. judge in 1868 ,,,"$4,000",$800,,,,,Circuit court judge ,Confederate veteran 
,AL,,,,,,,,,,,,,,,,,
"Towles, Toliver* ",AL,p ,23,38.1,Chambers ,66,sc ,Farmer ,"$5,000","$53,500","$2,200","$5,500",,44,,(Delegate to 1865 canst. convention) ,,
,AL,,,,,,,,,,,,,,,,,
"Walker, James ",AL,p ,25,30.3,Shelby ,34,GA ,Farmer ,,,$0,$300,,,,,Republican state executive committee,"Union captain, organized a peace movement in 1862 "
,AL,,,,,,,,,,,,,,,,,
"Walker, W. A. ",AL,p ,32,23.9,Jefferson ,56,NC ,Farmer ,"$15,000","$36,000","$15,000",$300,,19,,,State representative ,"Confederate veteran, Democrat "
,AL,,,,,,,,,,,,,,,,,
"Whelan, Benjamin ",AL,B ,22,79.2,Hale ,39,GA ,Lawyer ,$0,"$10,000",,,1,0,,,,"Unionist, former Whig, Confederate veteran, Douglas supporter in 1860"
,AL,,,,,,,,,,,,,,,,,
,AL,,,,,,,,,,,,,,,,,
"Wilhite, J. W. * ",AL,M ,34,12,Winston ,46,AL ,Farmer ,"$1,500",$300,$300,$350,,0,,,Notary public ,"Charged with treason, joined Union army, former Whig, voted for Douglas in 1860"
,AL,,,,,,,,,,,,,,,,,
,AL,,,,,,,,,,,,,,,,,
"Adams, W. W. * ",AR,N ,25,3.9,Izard ,34,AR ,Farmer ,$0,"$3,500","$1,500","$1,645",,,,,,
,AR,,,,,,,,,,,,,,,,,
,AR,,,,,,,,,,,,,,,,,
"Beasley, William ",AR,s ,9,36,Columbia ,49,SC-10 ,Farmer ,,,"$8,000","$2,000",,,,,State representative ,
,AR,,,,,,,,,,,,,,,,,
"Belden, Solomon ",AR,s ,21,47.8,Hempstead ,59,KY-16 ,Farmer ,"$18,480",$250,$100,$270,,0,,,State representative ,
,AR,,,,,,,,,,,,,,,,,
"Bell, Moses ",AR,N ,43,16.7,Sebastian ,39,TN-30 ,Physician ,"$2,500","$1,000","$1,200","$1,200",,0,,,,
,AR,,,,,,,,,,,,,,,,,
"Bradley, John* ",AR,s ,3,28.8,Bradley ,40,TN-20 ,Lawyer ,,,"$1,200","$1,000",,,,,Circuit court judge ,Confederate captain 
,AR,,,,,,,,,,,,,,,,,
"Brashear, Walter ",AR,N ,37,10.9,Pope ,29,AR ,Farmer ,,,"$1,000",$400,,,,,State representative ,"Union sergeant, captured during war and imprisoned in very room in which const. convention assembled "
,AR,,,,,,,,,,,,,,,,,
,AR,,,,,,,,,,,,,,,,,
,AR,,,,,,,,,,,,,,,,,
"Corbell, Joseph* ",AR,s ,45,31.5,Sevier ,39,AL-22 ,Farmer ,"$1,400",$500,$600,$400,,0,,,,
,AR,,,,,,,,,,,,,,,,,
"Cypert, J. N. * ",AR,N ,50,10.8,White ,44,TN-17 ,Lawyer ,"$3,000","$1,600","$4,000","$1,900",,,,(Delegate to 1861 const. conv. ),,"Confederate major, prisoner of war, voted against secession "
,AR,,,,,,,,,,,,,,,,,
,AR,,,,,,,,,,,,,,,,,
"Duval, Bouldin* ",AR,N ,28,4.2,Lawrence ,44,VA-ll ,Farmer ,"$1,000","$1,000","$3,500","$3,000",,0,,,,Union veteran 
,AR,,,,,,,,,,,,,,,,,
"Exon, Solomon ",AR,s ,8,29.4,Clark ,41,England-17 ,Farmer ,$500,$50,,,,0,,,State representative ,"Was ""always loyal"" and had difficulties with Confederate authorities "
,AR,,,,,,,,,,,,,,,,,
,AR,,,,,,,,,,,,,,,,,
"Gantt, Robert* ",AR,D ,38,32.3,Prairie ,36,AL-10 ,Lawyer ,$500,"$1,500","$8,000",$0,,,,,,Confederate captain 
,AR,,,,,,,,,,,,,,,,,
"Harrison, John ",AR,s ,22,12.4,Hot Spring ,44,TN-? ,Physician ,"$3,500","$1,500","$3,000","$1,000",,0,,,,
,AR,,,,,,,,,,,,,,,,,
"Hatfield, Robert ",AR,N ,18,12.6,Franklin ,37,AL-16 ,Methodist minister ,$0,$250,$500,$300,,0,,,,Probably Union veteran 
,AR,,,,,,,,,,,,,,,,,
"Hicks, William* ",AR,D ,38,32.3,Prairie ,44,TN-32 ,Merchant ,,,$500,$100,,,,,,"Former Whig, married to cousin of Mrs. ""Stonewall"" Jackson"
,AR,,,,,,,,,,,,,,,,, 
,AR,,,,,,,,,,,,,,,,,
"Hinkle, Anthony ",AR,N ,10,13.5,Conway ,57,KY-27 ,Physician ,"$2,100","$8,100","$6,000","$5,000",,,,,,Union veteran 
,AR,,,,,,,,,,,,,,,,,
"Hodges,Asa ",AR,D ,13,67.3,Crittenden ,49,MS-? ,Lawyer ,"$70,000","$80,000","$25,000","$20,000",,64,,,"State senator, state representative, U.S. Congress ",Arrested by Confederates as a spy 
,AR,,,,,,,,,,,,,,,,,
"Hoge, James* ",AR,N ,49,4.4,Washington ,32,AR ,Physician ,,,"$1,500",$500,,,,,,
,AR,,,,,,,,,,,,,,,,,
"Hollis, William ",AR,s ,5,30.4,Calhoun ,39,TN-21 ,Merchant ,"$3,000","$12,500",$600,$420,,,,,,
,AR,,,,,,,,,,,,,,,,,
"Houghton, Jiffra ",AR,D ,14,27.5,Cross ,44,AL-19 ,Farmer ,$0,$500,"$1,000",$200,,0,,,State representative ,Union veteran 
,AR,,,,,,,,,,,,,,,,,
"Kelly, Elijah ",AR,s ,36,8,Pike ,67,TN-? ,Farmer ,"$2,120","$1,100",$800,$450,,0,,,,
,AR,,,,,,,,,,,,,,,,,
"Kyle, Gayle ",AR,s ,15,33.5,Dallas ,61,TN-12 ,Farmer ,"$10,000","$21,725","$1,422",$495,,19,,,State representative ,"Unionist, elected to Congress in 1865 (not seated) "
,AR,,,,,,,,,,,,,,,,,
"Langley, Miles ",AR,s ,8,29.4,Clark ,41,AK ,Minister ,$0,$145,$0,$100,,0,,(Delegate to 1864 const. convention) ,,
,AR,,,,,,,,,,,,,,,,,
"McCown, George ",AR,s ,9,36,Columbia ,36,TN-? ,Lawyer ,"$1,800",$500,"$3,000","$2,000",,0,,,"Circuit court judge, state senator ","Confederate captain, stressed east TN birth to census "
,AR,,,,,,,,,,,,,,,,,
,AR,,,,,,,,,,,,,,,,,enumerator 
"Matthews, Samuel ",AR,D ,17,34.8,Drew ,34,TN-8 ,Farmer ,"$6,000","$2,000","$10,000","$5,000",,0,,(County clerk),"county clerk, probate judge",
,AR,,,,,,,,,,,,,,,,,
"Merrick, Alfred ",AR,s ,30,62.3,Lafayette ,56,MA-9 ,Merchant ,"$4,000",$800,$0,$0,,0,,,State representative ,
,AR,,,,,,,,,,,,,,,,,
"Millsaps, Jesse ",AR,N ,48,16.6,VanBuren ,41,NC-8 ,Farmer ,,,$0,"$1,000",,,,,State representative ,Union captain 
,AR,,,,,,,,,,,,,,,,,
"Misner, Peter ",AR,N ,24,8.8,Independence ,57,OH-? ,Brick mason ,"$1,000",$400,"$1,000",$450,,0,,,,Rebels drove him from his home and his wife 
,AR,,,,,,,,,,,,,,,,,
"Moore, W.D.* ",AR,D ,2,46,Ashley ,35,AL-8 ,Lawyer ,,,$300,$500,,,,,,
,AR,,,,,,,,,,,,,,,,,
"Norman, George* ",AR,D ,2,46,Ashley ,35,GA-9 ,Lawyer ,"$3,000",,"$6,000",,,4,,,State senator ,
,AR,,,,,,"..., ",,,,,,,,,,,
,AR,,,,,,,,"$10,000",,"$5,000",,,,,,,
"Oliver, Charles ",AR,N ,44,3,Scott ,39,TN-24 ,Farmer ,,,$500,$500,,,,,State representative ,Union sergeant 
,AR,,,,,,,,,,,,,,,,,
"Owen, Thomas* ",AR,N ,50,10.8,White ,48,VA-? ,Farmer ,"$11,000","$23,000","$7,200","$4,500",,25,,,,
,AR,,,,,,,,,,,,,,,,,
"Pickett, W. H. ",AR,D ,23,25,Jackson ,53,VA-? ,Farmer ,"$34,000","$60,000",,,,74,,,,
,AR,,,,,,,,,,,,,,,,,
"Portis, James ",AR,s ,35,44.5,Ouachita ,67,NC-11 ,Grocery merchant ,$500,"$10,000","$1,000",$0,,3,,,State senator ,
,AR,,,,,,,,,,,,,,,,,
"Priddy, John ",AR,s ,33,6,Montgomery ,54,NC-17 ,Minister ,$800,$500,$0,$0,,0,,(Delegate to 1864 const. convention) ,,
,AR,,,,,,,,,,,,,,,,,
"Puntney, R. G. ",AR,D ,17,34.8,Drew ,56,KY-? ,Physician ,"$3,040",$300,"$2,500","$2,000",,0,,,,
,AR,,,,,,,,,,,,,,,,,
"Ratcliffe, H. W. ",AR,D ,41,6.5,Randolph ,43,KY-? ,Farmer ,,,"$10,000","$1,500",,,,,,Late to convention due to illness 
,AR,,,,,,,,,,,,,,,,,
"Rawlings, Nathan ",AR,s ,35,44.5,Ouachita ,50,TN-11 ,Farmer ,"$3,000","$6,000","$2,000",$500,,8,,,State representative ,
,AR,,,,,,,,,,,,,,,,,
"Reynolds, W. W. * ",AR,N ,4,1.1,Benton ,27,MD-11 ,Lawyer ,,,"$8,500","$1,500",,,,,,
,AR,,,,,,,,,,,,,,,,,
"Rounsaville, Franklin ",AR,N ,52,13.6,Yell ,32,TN-17 ,Physician ,$980,$900,$566,$375,,0,,,,
,AR,,,,,,,,,,,,,,,,,
"Sams, Francis ",AR,N ,31,1.4,Madison ,25,AR ,Lawyer ,,,,,,,,"(Clerk at state house of representatives, 1864-65) ",,Union sergeant 
,AR,,,,,,,,,,,,,,,,,
"Shoppach, James* ",AR,s ,42,5.6,Saline ,23,AR ,Laborer ,$0,$0,$600,$255,,0,,,Circuit court judge ,
,AR,,,,,,,,,,,,,,,,,
"Snyder, 0. P. ",AR,D ,27,72.3,Jefferson ,37,M0-20? ,Lawyer ,"$5,000",$400,$0,$0,,0,,,"State senator, U.S. Congress ",Vocal opponent of secession 
,AR,,,,,,,,,,,,,,,,,
"VanHook, R. C. ",AR,s ,47,46.4,Union ,50,NC-21 ,Farmer ,"$3,500","$2,500","$1,200",$800,,0,,,Delegate to 1874 const. convention ,"Former overseer, served in Confederate home guard, opposed slavery "
,AR,,,,,,,,,,,,,,,,,
,AR,,,,,,,,,,,,,,,,,
"Walker, Charles* ",AR,N ,49,4.4,Washington ,32,AR ,Lawyer ,,,"$5,000",$300,,,23,,Mayor of Fayetteville ,"His father, David Walker, was president of secession convention, Confederate veteran "
,AR,,,,,,,,,,,,,,,,,
,AR,,,,,,,,,,,,,,,,,
,AR,,,,,,,,,,,,,,,,,
"Williams, Parley ",AR,N ,32,1.2,Marion ,33,TN-8 ,Farmer ,,,"$1,000",$600,,,,,State representative ,
,AR,,,,,,,,,,,,,,,,,
"Wilson, Ira ",AR,s ,47,46.4,Union ,58,GA-? ,Farmer ,,,$350,$700,,,,,,
,AR,,,,,,,,,,,,,,,,,
"Wright, Joseph* ",AR,N ,7,0,Carroll ,48,KY-17 ,Farmer ,"$1,500","$1,160",$900,"$1,125",,0,,,,
,AR,,,,,,,,,,,,,,,,,
"Wyatt, William ",AR,N ,19,1.1,Searcy ,40,TN-? ,Farmer ,"$3,000","$3,000",$0,$0,,2,,,,
,AR,,,,,,,,,,,,,,,,,
"Armistead, L. C. H ",FL,w ,3,53.8,Jackson ,38,VA ,Customs collector ,"$2,500",$300,$0,"$2,000",,0,,(State representative) ,,
,FL,,,,,,,,,,,,,,,,,
"Bass, A. G.*:f ",FL,N ,7,75.9,Jefferson ,53,GA ,Farmer ,,,$0,$150,,,,,,
,FL,,,,,,,,,,,,,,,,,
"Campbell, Johnt:f ",FL,w ,2,12,Walton ,36,FL ,Merchant,$0,$0,$300,$100,,0,,(Sheriff) ,,
,FL,,,,,,,,,,,,,,,,,
"Cone, William*+ ",FL,N ,8,66.7,Madison ,30,FL ,Farmer ,$0,$0,$500,$300,,0,,,,"Confederate deserter, Unionist "
,FL,,,,,,,,,,,,,,,,,
"Davidson, John:f ",FL,N ,4,63.7,Gadsden ,39,FL ,Circuit ct. judge ,"$5,000","$4,000","$3,000",$500,,,,,State senator ,
,FL,,,,,,,,,,,,,,,,,
"Goss, Jesse*:f ",FL,N ,15,62.6,Marion ,38,GA ,Lawyer ,,,"$4,000","$2,700",,,,,State senator ,"Confederate deserter, joined Union army "
,FL,,,,,,,,,,,,,,,,,
"Hart, Ossiant ",FL,N ,14,57,Duval ,47,FL ,Lawyer ,"$1,000","$4,480","$1,900","$2,000",,5,,,Governor of FL ,Freedmen's Bureau agent 
,FL,,,,,,,,,,,,,,,,,
"Howse, Edwardt ",FL,N ,15,62.6,Marion ,,NC ,Planter ,"$10,000","$15,000",,,,8,,(County commissioner) ,,
,FL,,,,,,,,,,,,,,,,,
"Krimminger, John*t ",FL,N ,10,14,Lafayette ,48,NC ,Physician ,,,$500,$300,,,,,State senator ,"Confederate deserter, joined Union army, assassinated in 1871 "
,FL,,,,,,,,,,,,,,,,,
,FL,,,,,,,,,,,,,,,,,
"McRae, B. M.t:J: ",FL,N ,13,27.3,Clay ,65,GA ,Farmer ,,,$0,$0,,,,(Court clerk) ,,
,FL,,,,,,,,,,,,,,,,,
"Mizell, Davidt:J: ",FL,s ,18,16.1,Orange ,61,GA ,Farmer ,"$2,400","$14,200","$1,000","$1,000",,6,,(State representative) ,,
,FL,,,,,,,,,,,,,,,,,
"Mobley, Clairbomet:J: ",FL,s ,17,19.1,Hillsborough ,40,KY ,Lawyer ,,,"$3,000","$1,000",,,,(Delegate to Lecompton convention in Kansas) ,,Confederate veteran 
,FL,,,,,,,,,,,,,,,,,
"Pearce, Sarnuelt:J: ",FL,s ,16,39.8,Hernando ,44,GA ,Farmer ,,,"$1,500",$530,,,,,Probate judge ,Union officer 
,FL,,,,,,,,,,,,,,,,,
"Powell, johnH ",FL,N ,7,75.9,Jefferson ,38,AL ,Blacksmith ,,,$500,$100,,,,,State representative ,Union officer 
,FL,,,,,,,,,,,,,,,,,
"Rogers, Washingtont ",FL,N ,15,62.6,Levy ,39,GA ,Customs house official house official ,,,$0,$0,,,,,,
,FL,,,,,,,,,,,,,,,,,
,FL,,,,,,,,,,,,,,,,,
"Rowley, Lymant:J: ",FL,w ,,54.7,Escambia ,42,vr ,Editor ,$0,$250,$0,"$3,000",,0,,(State representative) ,,Union officer 
,FL,,,,,,,,,,,,,,,,,
"Ware, Eldridge*t ",FL,s ,19,40.8,Monroe ,50,NY ,Postmaster of Key West ,$0,$0,"$5,000",$200,,0,,(Coroner) ,,
,FL,,,,,,,,,,,,,,,,,
"Adkins, Joseph ",GA,B ,19,62.4,Warren ,50,GA ,Farmer ,"$5,000","$11,850",,,1,15,,,State senator ,
,GA,,,,,,,,,,,,,,,,,
"Akerman, Amos ",GA,B ,30,52.2,Elbert ,46,NH-24 ,Lawyer ,"$1,500","$9,777","$5,200","$3,500",,11,,,U.S. attorney general ,"Confederate colonel in home guard, Whig, opposed secession, Dartmouth graduate, tutored children of John Berrien, who was Andtew Jackson's first attorney general "
,GA,,,,,,,,,,,,,,,,,
,GA,,,,,,,,,,,,,,,,,
,GA,,,,,,,,,,,,,,,,,
,GA,,,,,,,,,,,,,,,,,
,GA,,,,,,,,,,,,,,,,,
,GA,,,,,,,,,,,,,,,,,
"Angier, N edon ",GA,u ,35,40.4,Fulton ,42,NH-28 ,Insurance agent ,$0,$0,"$70,000","$2,500",,3,,(Atlanta City Council),state treasurer ,"Unionist, Douglas Democrat "
,GA,,,,,,,,,,,,,,,,,
"Ashburn, George ",GA,B ,24,57.3,Muscogee ,55,TN-50 ,Cotton broker ,$0,$380,,,1,0,,,,Union colonel 
,GA,,,,,,,,,,,,,,,,,
"Barton, James ",GA,B ,27,45.8,Clarke ,32,GA ,Notary public ,,,"$1,000","$1,500",,,,,,
,GA,,,,,,,,,,,,,,,,,
"Bedford, Peter ",GA,w ,5,30.6,Ware ,38,NC-? ,Lawyer ,$0,"$6,466",,,,0,,,,
,GA,,,,,,,,,,,,,,,,,
"Bell, Madison ",GA,u ,33,25.7,Banks ,30,GA ,,,,"$7,500","$1,000",,,,,State comptroller general ,"Opposed secession, Confederate veteran "
,GA,,,,,,,,,,,,,,,,,
"Bigby, John ",GA,B ,36,47.1,Coweta ,35,GA ,Lawyer ,$620,"$16,000","$6,000","$25,000",,13,,,U.S. congressman ,
,GA,,,,,,,,,,,,,,,,,
"Blodgett, Foster ",GA,B ,18,58.8,Richmond ,41,GA,Mayor of Augusta ,"$7,000","$17,000",$0,$0,,11,,,Superintendent of state RR ,"Former Whig, Confederate captain "
,GA,,,,,,,,,,,,,,,,,
"Blount, Joseph ",GA,B ,12,59.6,Stewart ,41,NC-15 ,Physician ,"$2,000","$5,000",,,,,,,,
,GA,,,,,,,,,,,,,,,,,
"Bowden, Alfred ",GA,B ,22,56.6,Monroe ,47,GA ,Farmer ,"$2,000","$1,100",$800,$500,,0,,(Deputy sheriff) ,,
,GA,,,,,,,,,,,,,,,,,
"Bowden, John ",GA,u ,36,47.1,Campbell ,42,GA ,Merchant ,"$7,000","$14,000","$2,500",$800,,20,,,,
,GA,,,,,,,,,,,,,,,,,
"Bowers, William ",GA,u ,31,21.2,Hart ,41,GA ,Minister ,"$3,000","$1,000","$4,000","$1,000",,0,,(1865 const. convention),state senator ,
,GA,,,,,,,,,,,,,,,,,
"Bracewell, James ",GA,u ,34,27,Gwinnett ,42,GA ,Merchant ,"$1,600",$800,,,,0,,,,
,GA,,,,,,,,,,,,,,,,,
"Brown, Shadrack ",GA,B ,34,27,Henry ,49,GA ,Farmer ,,,"$1,330",$550,,,,,,
,GA,,,,,,,,,,,,,,,,,
"Bryson, John ",GA,N ,40,4.3,Towns ,66,NC-33 ,Farmer ,"$7,000","$1,250","$2,000",$500,,0,,,,
,GA,,,,,,,,,,,,,,,,,
"Buchan, James ",GA,w ,14,50.6,Pulaski ,40,GA ,Farmer ,"$1,500","$2,800",$500,$500,,2,,,State representative ,
,GA,,,,,,,,,,,,,,,,,
"Bullock, Rufus ",GA,B ,18,58.8,Richmond ,33,NY-9 ,Express agent ,,,$0,"$76,000",,7,,,Governor of GA ,
,GA,,,,,,,,,,,,,,,,,
"Burnett, George ",GA,u ,42,29.9,Floyd ,37,TN-27 ,Merchant ,"$7,500","$25,000","$5,000","$5,000",,8,,"(Mayor of Rome, GA) ",,Unionist during war 
,GA,,,,,,,,,,,,,,,,,
"Caldwell, John ",GA,B ,37,43.8,Troup ,47,GA ,Farmer ,"$1,500","$7,000",,,,9,,,"State representative, district court judge",Wrote account of Ashburn's death for New York Tribune 
,GA,,,,,,,,,,,,,,,,,
"Cameron, Andrew ",GA,w ,15,29.6,Telfair ,38,GA ,Farmer ,$300,$550,"$1,200",$800,,0,,(1865 const. convention),messenger of state senate,
,GA,,,,,,,,,,,,,,,,,
"Catching, John ",GA,B ,19,62.4,Greene ,41,GA ,Farmer ,"$3,000","$17,000",,,,29,,,,
,GA,,,,,,,,,,,,,,,,,
"Chambers, Peter ",GA,B ,36,47.1,Meriwether ,47,GA ,Farmer ,"$8,000","$12,000",,,1,16,,,State representative ,
,GA,,,,,,,,,,,,,,,,,
"Christian, Hope ",GA,B ,9,72.8,Early ,46,GA ,Physician ,"$2,500","$7,500","$2,500",$300,,3,,,,
,GA,,,,,,,,,,,,,,,,,
"Christian, Isaac ",GA,B ,27,45.8,Newton ,29,GA ,Lawyer ,$0,$300,$0,"$1,000",,0,,,Circuit court solicitor ,
,GA,,,,,,,,,,,,,,,,,
"Cobb, E. S. ",GA,u ,30,52.2,Madison ,,l<Y-10 ,,,,,,,,,,,
"Cole, Henry ",GA,u ,35,40.4,Cobb ,51,NY-31 ,Civil engineer ,"$50,000","$25,000",,,,,,,,"Imprisoned as spy by Confederates, Unionist "
,GA,,,,,,,,,,,,,,,,,
"Conley, Benjamin ",GA,B ,18,58.8,Richmond ,52,NJ-38 ,Merchant ,"$6,000",$0,"$6,000","$10,000",,0,,(Mayor of Augusta),governor of GA ,Former Whig 
,GA,,,,,,,,,,,,,,,,,
"Cooper, Martin ",GA,B ,22,56.6,Pike ,54,GA ,Farmer ,"$1,200","$4,190","$2,500",$450,,5,,,,
,GA,,,,,,,,,,,,,,,,,
"Catting, David ",GA,B ,29,71.3,Wilkes ,54,MA-42 ,Farmer ,"$3,500","$9,600",,,,11,,,Secretary of state ,
,GA,,,,,,,,,,,,,,,,,
"Crane, William ",GA,N ,40,4.3,Towns ,43,SC-? ,Lawyer ,"$1,500","$1,000","$1,500",$900,,0,,,Circuit court judge ,
,GA,,,,,,,,,,,,,,,,,
"Crawford, Stephen ",GA,u ,31,21.2,Franklin ,49,SC-30 ,Farmer ,"$3,000","$3,000","$4,000",$600,,3,,,,
,GA,,,,,,,,,,,,,,,,,
"Dailey, Samuel ",GA,B ,34,27,Henry ,27,GA ,Farmer ,$0,$0,"$1,400",$600,,0,,,,
,GA,,,,,,,,,,,,,,,,,
"Davis, Charles ",GA,u ,27,45.8,Walton ,66,VT-27 ,Lawyer ,"$4,500","$34,500",,,,9,,,Circuit court judge ,
,GA,,,,,,,,,,,,,,,,,
"Dews[ e), William ",GA,B ,9,72.8,Baker ,31,GA ,Farmer ,"$6,500","$13,000",$0,$0,,10,,,State representative ,
,GA,,,,,,,,,,,,,,,,,
"Dunnegan, Benjamin ",GA,u ,33,25.7,Hall ,71,SC-67 ,Miner ,$112,$250,,,,0,,,Republican state committee ,
,GA,,,,,,,,,,,,,,,,,
"Dunning, James ",GA,u ,35,40.4,Fulton ,53,CT-20 ,Machinist ,$0,$0,"$8,000","$2,500",,0,,,"State senator, U.S. marshal, postmaster of Atlanta ","Unionist, arrested during war, later labored unsuccessfully to place statue of Pres. Lincoln in downtown Atlanta "
,GA,,,,,,,,,,,,,,,,,
,GA,,,,,,,,,,,,,,,,,
,GA,,,,,,,,,,,,,,,,,
,GA,,,,,,,,,,,,,,,,,
"Edwards, William ",GA,B ,23,64.9,Taylor ,32,GA ,Lawyer ,"$2,000","$3,000","$2,500","$1,500",,0,,,U.S. congressman ,Confederate colonel 
,GA,,,,,,,,,,,,,,,,,
"Ellington, Coke ",GA,N ,41,4.3,Gilmer ,55,GA ,Farmer ,"$3,000",$500,"$3,000",$300,,0,,"(1865 const. convention, state representative) ",,
,GA,,,,,,,,,,,,,,,,,
"Fields, Samuel ",GA,N ,43,16.2,Murray ,37,SC-35 ,Farmer ,"$3,000","$10,000","$7,000","$1,722",,6,,,State representative ,
,GA,,,,,,,,,,,,,,,,,
"Flynn, John ",GA,u ,35,40.4,Fulton ,40,PA-20 ,Commission merchant ,$0,$0,$0,$0,,0,,,,
,GA,,,,,,,,,,,,,,,,,
"Fort, William ",GA,u ,42,29.9,Floyd ,50,GA ,Farmer ,"$4,000","$23,000","$6,500","$1,000",,7,,,,
,GA,,,,,,,,,,,,,,,,,
"Foster, Albert ",GA,B ,28,65.3,Morgan ,46,GA ,Lawyer ,"$16,000","$64,000","$17,000","$20,375",,12,,,,
,GA,,,,,,,,,,,,,,,,,
"Foster, Thomas ",GA,u ,38,19.8,Paulding ,34,SC-33 ,Physician ,,,"$1,100","$2,200",,,,,,
,GA,,,,,,,,,,,,,,,,,
"Gibson, Thomas ",GA,B ,21,60.7,Twiggs ,47,GA ,Physician ,$700,"$4,763",$800,$500,,2,,,,
,GA,,,,,,,,,,,,,,,,,
"Gilbert, Thomas ",GA,B ,24,57.3,Chattahoochee ,74,NC-73 ,Farmer ,"$3,750","$41,125",$300,$500,,12,,,,
,GA,,,,,,,,,,,,,,,,,
"Glover, Henry ",GA,B ,28,65.3,Jasper ,52,GA ,Farmer ,"$20,000","$65,000","$1,500",$800,,79,,(1865 const. convention) ,,
,GA,,,,,,,,,,,,,,,,,
"Goodwin, William ",GA,u ,42,29.9,Bartow ,37,OH-16 ,Farmer ,,,$0,$0,,,,,State representative ,
,GA,,,,,,,,,,,,,,,,,
"Gove, Samuel ",GA,B ,21,60.7,Twiggs ,45,MA-32 ,Farmer ,"$1,150","$5,300","$6,500","$3,000",,5,,,U.S. congressman ,Anti-secessionist 
,GA,,,,,,,,,,,,,,,,,
,GA,,,,,,,,,,,,,,,,,
"Griffin, William ",GA,B ,21,60.7,Twiggs ,42,GA ,Farmer ,$0,"$4,590","$2,000",$800,,0,,,"State senator, state representative ",
,GA,,,,,,,,,,,,,,,,,
"Hall, John ",GA,B ,13,66.2,Sumter ,40,GA ,Grocery clerk ,,,"$2,000",$500,,,,,,
,GA,,,,,,,,,,,,,,,,,
"Harlan, George ",GA,u ,37,43.8,Heard ,53,GA ,Physician ,$0,"$3,000",$750,$600,,,,,,
,GA,,,,,,,,,,,,,,,,,
"Harris, John ",GA,B ,27,45.8,Newton ,61,PA-38 ,Farmer ,"$24,000","$73,000",$0,$0,,110,,,State senator ,
,GA,,,,,,,,,,,,,,,,,
"Harrison, Abel ",GA,u ,37,43.8,Carroll ,61,NC-40 ,Farmer ,$500,"$20,500",$300,$200,,4,,,,
,GA,,,,,,,,,,,,,,,,,
"Higbee, Edwin ",GA,B ,25,55.2,Talbot ,42,VT~O ,Highschool teacher ,$700,$500,,,,0,,,State senator ,
,GA,,,,,,,,,,,,,,,,,
"Higdon, John ",GA,B ,8,53.1,Decatur ,58,GA ,Farmer ,"$2,000","$11,000","$3,000","$8,000",,12,,,State representative ,
,GA,,,,,,,,,,,,,,,,,
"Holcombe, A. W. ",GA,u ,39,13.6,Milton ,47,SC-17 ,Farmer ,$0,"$15,000","$1,200",$600,,14,,,State senator ,
,GA,,,,,,,,,,,,,,,,,
"Hooks, Charles ",GA,B ,21,60.7,Wilkinson ,45,GA ,Farmer ,"$4,500","$8,490","$3,000","$2,500",,0,,,State representative ,
,GA,,,,,,,,,,,,,,,,,
"Hopkins, Cormac ",GA,s ,,64.2,Chatham ,35,GA ,Customs house official ,$0,$500,"$10,000","$10,000",,0,,(Customs house clerk) ,,
,GA,,,,,,,,,,,,,,,,,
,GA,,,,,,,,,,,,,,,,,
"otchkiss, N. P. ",GA,u ,27,45.8,Walton ,,NY-18 ,,,,"$16,000",$0,,,,,Auditor of state railroad ,
,GA,,,,,,,,,,,,,,,,,
"ouston, Samuel ",GA,u ,39,13.6,Cherokee ,55,NC-14 ,Farmer ,"$1,800","$5,000","$1,500",$500,,0,,,,
,GA,,,,,,,,,,,,,,,,,
"owe, William ",GA,B ,22,56.6,Pike ,52,GA ,Farmer ,"$8,250","$15,075","$10,500","$1,500",,26,,,,
,GA,,,,,,,,,,,,,,,,,
"udson, Jno. ",GA,B ,28,65.3,Putnam ,46,GA ,Farmer ,,,"$9,000","$3,600",,,,,,
,GA,,,,,,,,,,,,,,,,,
"utcheson, Robert ",GA,u ,38,19.8,Haralson ,41,GA ,Physician ,"$1,600",$800,$800,"$1,600",,0,,(1865 const. convention),state representative ,
,GA,,,,,,,,,,,,,,,,,
"ordan, William ",GA,B ,28,65.3,Jasper ,33,GA ,Farmer ,"$5,775","$29,000","$5,000","$2,200",,2,,,State senator ,
,GA,,,,,,,,,,,,,,,,,
"ey,J.M. ",GA,B ,36,47.1,Meriwether ,49,GA ,,,,,,,,,,,
"ing, Jno. ",GA,N ,43,16.2,Whitfield ,31,GA ,Grocer- merchant ,$600,"$2,400",,,,0,,,,
,GA,,,,,,,,,,,,,,,,,
"nox, James ",GA,B ,29,71.3,Columbia ,69,Scotland-40 ,Farmer ,"$1,200",$575,"$1,000",$500,,,,,,
,GA,,,,,,,,,,,,,,,,,
"ane, Edward ",GA,w ,16,41.3,Laurens ,43,GA ,Physician ,"$4,400","$4,815","$3,000","$2,750",,0,,,,
,GA,,,,,,,,,,,,,,,,,
"ee, W.C. ",GA,N ,35,40.4,Clayton ,48,GA ,,,,,,,,,,,
"ott, John ",GA,N ,39,13.6,Forsyth ,68,SC-46 ,Farmer ,"$3,000","$12,800","$1,000",$440,,14,,,,
,GA,,,,,,,,,,,,,,,,,
"cCay, Henry ",GA,B ,13,66.2,Sumter ,47,PA-27 ,Lawyer ,"$5,000","$18,000",,,,3,,,State supreme court justice ,"Opposed secession, supported Stephen Douglas in 1860, Princeton graduate "
,GA,,,,,,,,,,,,,,,,,
,GA,,,,,,,,,,,,,,,,,
"cHan, Wilkey ",GA,N ,41,4.3,Pickens ,38,NC-19 ,Dry goods merchant ,"$1,200","$1,000","$2,000","$2,000",,0,,,,
,GA,,,,,,,,,,,,,,,,,
"McWhorter, Joseph ",GA,B ,30,52.2,Oglethorpe ,35,GA ,Farmer ,"$3,000","$18,790","$1,200",$700,,30,,,State senator ,
,GA,,,,,,,,,,,,,,,,,
"Maddox, Posey ",GA,B ,23,64.9,Houston ,62,SC-58 ,Farmer ,,,"$4,000",$350,,4,,,,
,GA,,,,,,,,,,,,,,,,,
"Marler, W. L. ",GA,u ,33,25.7,Jackson ,37,NC-36 ,Lawyer ,"$1,200","$3,500",$0,"$1,795",,2,,(1865 const. convention),circuit court solicitor ,
,GA,,,,,,,,,,,,,,,,,
"Martin, Charles ",GA,B ,9,72.8,Calhoun ,35,SC-30 ,Farmer ,$0,"$2,275",,,,5,,,,
,GA,,,,,,,,,,,,,,,,,
"Martin, E. B. ",GA,u ,37,43.8,Carroll ,61,SC-44 ,Farmer ,"$8,700","$5,200","$5,000","$1,000",,7,,(1865 const. convention) ,,
,GA,,,,,,,,,,,,,,,,,
"Martin, Philip ",GA,N ,31,21.2,Habersham ,61,GA ,Farmer ,"$1,800","$4,000","$5,000",$800,,,,(1865 const. convention) ,,
,GA,,,,,,,,,,,,,,,,,
"Mathews, Johnson ",GA,u ,34,27,Gwinnett ,36,GA ,Farmer ,,,"$1,200","$1,265",,,,,,
,GA,,,,,,,,,,,,,,,,,
,GA,,,,,,...... ,,,,,,,,,,,
"Maull, James ",GA,B ,24,57.3,Muscogee ,,GA ,Physician ,,,$0,$0,,,,,State representative ,
,GA,,,,,,,,,,,,,,,,,
"Miller, Homer ",GA,u ,35,40.4,Fulton ,53,SC-45 ,Physician ,"$20,000","$20,000","$10,000","$5,000",,20,,,U.S. Senate ,"Confederate surgeon, former Whig "
,GA,,,,,,,,,,,,,,,,,
"Minor, Samuel ",GA,u ,26,44.4,Spalding ,52,GA ,Farmer ,"$2,700","$2,000","$4,885",$500,,0,,,,
,GA,,,,,,,,,,,,,,,,,
"Moore, Milton ",GA,N ,32,12.7,White ,47,SC-40 ,Farmer ,"$2,000","$2,340","$3,000","$1,966",,0,,,,
,GA,,,,,,,,,,,,,,,,,
"Neal, John ",GA,B ,18,58.8,Glascock ,24,GA ,Money lender ,,,,,,,,(1865 const. convention),state representative ,Confederate captain 
,GA,,,,,,,,,,,,,,,,,
"Parrott, Josiah ",GA,u ,42,29.9,Bartow ,40,TN-20 ,Lawyer ,"$7,000","$9,000","$19,000","$1,300",,0,,"(John Bell elector in 1860, 1865 const. convention)",circuit court judge ,"Opposed secession, Confederate major "
,GA,,,,,,,,,,,,,,,,,
,GA,,,,,,,,,,,,,,,,,
"Potts, Moses ",GA,B ,22,56.6,Monroe ,32,GA ,Judge of ordinary ,$0,$0,"$4,000","$2,000",,0,20,,Judge of ordinary ,
,GA,,,,,,,,,,,,,,,,,
"Powell, Benjamin ",GA,B ,8,53.1,Decatur ,37,GA ,Farmer ,"$6,500","$1,000","$3,000",$500,,11,,,State representative ,
,GA,,,,,,,,,,,,,,,,,
"Roberts, Lewis ",GA,w ,6,41.2,Echols ,30,GA ,Farmer ,"$1,600","$2,050","$1,000","$1,800",,,,,,
,GA,,,,,,,,,,,,,,,,,
"Robertson, Robert ",GA,B ,37,43.8,Troup ,57,Scotland-34 ,Farmer ,"$1,000","$4,000",,,,0,,,,
,GA,,,,,,,,,,,,,,,,,
"Rozar, W. H. ",GA,B ,26,44.4,Spalding ,28,GA ,,,,,,,,,,,
"Saffold, Thomas ",GA,B ,28,65.3,Morgan ,46,GA ,Farmer ,"$25,000","$50,590","$25,800","$3,000",,73,,"(Secession convention, 1865 const. convention) ",,"Voted initially to delay secession, then supported it "
,GA,,,,,,,,,,,,,,,,,
"Salter, S. F. ",GA,w ,14,50.6,Pulaski ,25,GA ,Physician ,,,$500,$500,,,,,State representative ,
,GA,,,,,,,,,,,,,,,,,
"Shields, James ",GA,N ,44,16.7,Walker ,48,TN-24 ,Blacksmith ,"$2,500","$1,200","$2,000","$1,000",,0,,,,
,GA,,,,,,,,,,,,,,,,,
"Shopshire, Wesley ",GA,N ,42,29.9,Chattooga ,66,GA ,Farmer ,"$30,000","$40,000","$12,000","$2,500",,44,,(Secession convention) ,,Opposed secession 
,GA,,,,,,,,,,,,,,,,,
"Shumate, Benjamin ",GA,u ,34,27,DeKalb ,58,SC-50 ,Farmer ,"$1,800",$400,$600,$600,,0,,,,
,GA,,,,,,,,,,,,,,,,,
"Smith, F. M. ",GA,w ,4,72.1,Charlton ,53,GA ,Physician ,$600,$550,"$3,000","$1,000",,0,,(Secession convention),state representative,Opposed secession 
,GA,,,,,,,,,,,,,,,,,
"Smith,M.C. ",GA,B ,7,62.4,Thomas ,45,GA ,M.E. minister ,$0,"$2,000",,,,0,,,State senator ,
,GA,,,,,,,,,,,,,,,,,
"Smith, W.C. ",GA,B ,36,47.1,Coweta ,32,GA ,,,,"$10,000","$1,200",,,,,State senator ,
,GA,,,,,,,,,,,,,,,,,
"Speer, Thomas ",GA,B ,22,56.6,Pike ,30,GA ,Clerk ,$0,"$4,500",,,,0,,,U.S. congressman ,County tax collector during war 
,GA,,,,,,,,,,,,,,,,,
"Stanford, Lycurgus ",GA,B ,25,55.2,Harris ,35,GA ,Lawyer ,"$1,400","$3,000","$2,500","$1,000",,,,,State representative ,
,GA,,,,,,,,,,,,,,,,,
"Stanley, Simon ",GA,w ,14,50.6,Wilcox ,59,ME-23 ,Merchant ,"$2,500","$1,200","$1,400",$760,,0,,,,
,GA,,,,,,,,,,,,,,,,,
"Supple, William ",GA,B ,20,61.4,Baldwin ,45,Ireland-12 ,Tailor ,$0,$250,$800,$100,,0,,,,
,GA,,,,,,,,,,,,,,,,,
"Trammell, Leander ",GA,N ,43,16.2,Gordon ,36,GA ,Railroad agent ,"$7,000","$10,000","$7,500","$3,500",,0,,,President of state senate ,
,GA,,,,,,,,,,,,,,,,,
"Traywick, James ",GA,w ,14,50.6,Pulaski ,44,GA ,Minister ,"$8,000","$7,000","$1,000",$0,,,,,State senator ,
,GA,,,,,,,,,,,,,,,,,
"Waddell, James ",GA,u ,38,19.8,Polk ,34,SC-28 ,Lawyer ,"$2,500","$18,000",,,,14,,,Clerk of state house of representatives ,Confederate colonel 
,GA,,,,,,,,,,,,,,,,,
"Walton, Overton ",GA,B ,23,64.9,Houston ,46,GA ,Grocer ,"$1,400","$19,550",,,,27,,,,
,GA,,,,,,,,,,,,,,,,,
"Welch,F.O. ",GA,B ,10,79.4,Doughtery ,57,ME-37 ,Druggist ,$0,$0,,,,2,,,State senator ,
,GA,,,,,,,,,,,,,,,,,
"Whitehead, W. H. ",GA,B ,26,44.4,Butts ,42,VA-12 ,Physician ,"$27,400","$30,000","$2,000","$8,000",,13,,,Republican elector in 1868 ,
,GA,,,,,,,,,,,,,,,,,
"Whiteley, Richard ",GA,B ,8,53.1,Decatur ,36,Ireland-12 ,Lawyer ,$0,"$5,000",$0,$0,,2,,,U.S. congressman ,"Opposed secession, Confederate major "
,GA,,,,,,,,,,,,,,,,,
"Wilbur, George ",GA,B ,22,56.6,Bibb ,45,RI-? ,Commission ,"$5,000","8,000",,,,2,,,Delegate to 1868 Republican ,
"Woodey, John ",GA,N ,32,12.7,Lumpkin ,47? ,NC-49? ,Farmer ,$800,$400,"$1,000",$500,,0,,,,
,GA,,,,,,,,,,,,,,,,,
"Wooten, Floyd ",GA,B ,22,56.6,Monroe ,31,GA ,Booter ,$0,$0,$0,$0,,0,,,,
,GA,,,,,,,,,,,,,,,,,
"Yates, Pressly ",GA,N ,44,16.7,Catoosa ,61,NC-? ,Farmer ,"$16,000","$8,000","$7,500","$1,087",,12,,(Secession convention) ,,Opposed secession 
,GA,,,,,,,,,,,,,,,,,
"Baker, L. W. ",LA,R ,7,80.9,Bossier ,47,NC ,Farmer ,$0,$400,"$1,000","$2,500",,0,,,Parish judge ,
,LA,,,,,,,,,,,,,,,,,
"Barrett, John ",LA,N ,35,40.3,Union ,42,VT ,Lawyer ,"$2,000","$2,800","$3,000","$1,000",,4,,,Candidate for parish judge ,
,LA,,,,,,,,,,,,,,,,,
"Beldon, Simeon ",LA,0,25,50.2,Orleans ,,MA ,Lawyer ,$0,$0,,,,0,,,State attorney general ,"Wartime Unionist, presided over lower house of Unionist wartime legislature "
,LA,,,,,,,,,,,,,,,,,
,LA,,,,,,,,,,,,,,,,,
"Blackburn, W. Jasper ",LA,N ,13,55.2,Claiborne ,47,AR ,Editor ,"$3,000","$3,000","$10,000","$5,000",,0,,,U.S. Congress ,"Published edition of Homer's Iliad, anti-secessionist, testified to Congress on New Orleans riot, condemned caning of Senator Sumner "
,LA,,,,,,,,,,,,,,,,,
,LA,,,,,,,,,,,,,,,,,
,LA,,,,,,,,,,,,,,,,,
,LA,,,,,,,,,,,,,,,,,
,LA,,,,,,,,,,,,,,,,,
"Cooley, William ",LA,R ,5,79.9,Pointe ,35,LA ,Lawyer ,"$10,000","$2,500",,,,8,,,District judge ,Unionist 
,LA,,,,Coupee ,,,,,,,,,,,,,
"Crane, William ",LA,0,25,50.2,Orleans ,56,NY ,Lawyer ,"$2,500","$7,000","$50,000","$25,000",,4,,,,Unionist 
,LA,,,,,,,,,,,,,,,,,
"Crawford, Thomas ",LA,N ,10,67.1,Caldwell ,48,KY ,Lawyer ,"$21,480","$2,094","$13,200","$1,795",,37,,,District judge ,"Former Whig, Unionist, fled to NY during war, assassinated in 1873 "
,LA,,,,,,,,,,,,,,,,,
,LA,,,,,,,,,,,,,,,,,
"Dearing, George ",LA,R ,27,78.1,Rap ides ,51,KY ,Farmer ,"$4,600","$5,200",$0,$0,,13,,,,Had son who was 16 in 1860 who could possibly have been this delegate 
,LA,,,,,,,,,,,,,,,,,
,LA,,,,,,,,,,,,,,,,,
"Demarest, Andrew ",LA,R ,32,77.3,St. Mary ,38,NJ ,House painter ,$0,"$1,000",$0,$0,,0,,,State representative ,"Unionist, living in New Orleans in 1870 "
,LA,,,,,,,,,,,,,,,,,
"Depasseau, Charles ",LA,0,25,50.2,Orleans ,,,,,,,,,,,,,
,LA,,,,,,..... ,,,,,,,,,,,
"Deslonde, Joseph ",LA,R ,28,79.9,St. John the ,,,,,,,,,,,,,
,LA,,,,Baptist ,,,,,,,,,,,,,
"Dinkard, John ",LA,w ,30,60.4,St. Landry ,47,KY ,Grocer ,"$1,400","$2,900",,,,2,,,Justice of the peace ,Unionist 
,LA,,,,,,,,,,,,,,,,,
"Duplessis, Charles ",LA,0,25,50.2,Orleans ,39,LA ,Customs house broker ,,,$0,$0,,,,,Recorder's court clerk ,"Unionist, wounded in New Orleans riot of July 1866 "
,LA,,,,,,,,,,,,,,,,,
,LA,,,,,,,,,,,,,,,,,
"Edwards, Fielding ",LA,R ,3,59.1,Avoyelles ,52,KY ,Farmer ,"$30,000","$1,000","$10,000","$2,000",,16,,,,
,LA,,,,,,,,,,,,,,,,,
"Harrison, Thomas ",LA,R ,11,77.8,Morehouse ,51,MS ,Farmer ,"$36,000","$29,480","$10,365","$7,000",,,,,,
,LA,,,,,,,,,,,,,,,,,
"Hiestand, W. H. ",LA,R ,24,77.5,Natchitoches ,,LA ,,,,,,,,,,,Unionist 
"Jones, Simeon ",LA,0,25,50.2,Orleans ,,,,,,,,,,,,,"Lived in TX before war, did not want to serve in Confederate army, served in Union army, colonel in Corps d'Afrique"
,LA,,,,,,,,,,,,,,,,,
,LA,,,,,,,,,,,,,,,,,
,LA,,,,,,,,,,,,,,,,,
,LA,,,,,,,,,,,,,,,,,
"Lewis, James B. ",LA,w ,15,65.2,Sabine ,,,Lawyer ,,,,,,,,,State senator ,"Unionist, sometimes classified as black, colonel in state militia "
,LA,,,,,,,,,,,,,,,,,
,LA,,,,,,,,,,,,,,,,,
"Ludeling, John ",LA,N ,10,67.1,Ouachita ,41,LA ,Lawyer ,"$71,200","$1,800","$300,000","$20,000",,14,,,Chief justice of LA Supreme Court ,"Anti-secessionist, two brothers fought for Confederacy, former Whig, mother a refugee from St. Dominique "
,LA,,,,,,,,,,,,,,,,,
,LA,,,,,,,,,,,,,,,,,
,LA,,,,,,,,,,,,,,,,,
"McLeran, Benjamin ",LA,R ,8,79.4,Caddo ,,,,,,,,,,,,Justice of the peace ,
"Marie, Frederique ",LA,R ,34,64,Terebonne ,43,France ,Hotel keeper ,$0,$0,$0,$500,,0,,,"Sheriff, state representative ","Unionist, sometimes classified as black "
,LA,,,,,,,,,,,,,,,,,
"Mushaway, James ",LA,0,25,50.2,Orleans ,47,MA ,Clothing merchant ,,,$0,$800,,,,,,"Unionist, post office clerk "
,LA,,,,,,,,,,,,,,,,,
"Schwab, Nathan ",LA,R ,20,75.7,Jefferson ,,,Jeweler ,,,,,,,,,,Unionist 
"Smith, Charles ",LA,0,25,50.2,Orleans ,,MA ,Carpenter ,,,,,,,,,,Unionist 
"Snider, Gelderoy ",LA,w ,15,65.2,DeSoto ,52,sc ,Mechanic ,"$1,500",$0,,,,0,,,,
,LA,,,,,,,,,,,,,,,,,
"Taliaferro, James ",LA,N ,12,63.2,Catahoula ,67,VA ,Lawyer ,"$87,000","$4,000",,,,27,,"(1852 const. convention, 1861 secession convention)",associate justice of LA Supreme Court ,Opposed secession 
,LA,,,,,,,,,,,,,,,,,
,LA,,,,,,,,,,,,,,,,,
,LA,,,,,,,,,,,,,,,,,
"Underwood, ",LA,R ,29,81,St. James ,27,MS ,Painter ,$0,$250,$0,"$1,500",,0,,,Parish judge ,"Confederate deserter, colonel in state militia "
Napoleon ,LA,,,,,,,,,,,,,,,,,
"Vandergriff, John ",LA,R ,31,58,St. Martin ,51,LA ,Physician ,,,$600,$450,,,,,Justice of the peace ,
,LA,,,,,,,,,,,,,,,,,
"Vidal, Michel ",LA,w ,30,60.4,St. Landry ,43,France ,Editor ,,,,,,,,,U.S. Congress ,Unionist 
,LA,,,,,,,,,,,,,,,,,
,LA,,,,,,,,,,,,,,,,,
"Waples, Rufus ",LA,0,25,50.2,Orleans ,42,DE ,Lawyer ,,,"$90,000","$1,000",,,,"(U.S. attorney for east LA,l863-65)",director of New Orleans public schools ,"Anti-secessionist, testified at congressional hearing on New Orleans riot "
,LA,,,,,,,,,,,,,,,,,
,LA,,,,,,,,,,,,,,,,,
,LA,,,,,,,,,,,,,,,,,
"Wickliffe, George ",LA,0,25,50.2,Orleans ,,LA ,Dentist ,,,,,,,,,State auditor ,Impeached and convicted in 1870 
,LA,,,,,,,,,,,,,,,,,
"Alcorn, Robert ",MS,N ,55,57.1,Yalobusha ,,KY ,Lawyer ,,,,,,,,,"Candidate for secretary of state, inspector of state penitentiary ","Cousin of Gov. James Alcorn, former Whig, Unionist "
,MS,,,,,,,,,,,,,,,,,
,MS,,,,,,,,,,,,,,,,,
"Alderson, Abel ",MS,D ,26,78,Jefferson ,53,MD ,Lawyer ,"$1,700",$700,,,,0,,,Circuit court judge ,Supported hanging Jefferson Davis 
,MS,,,,,,,,,,,,,,,,,
"Ballard, Horatio N. ",MS,D ,15,54,DeSoto ,41,MA ,Physician ,,,"$8,500",$700,,,,,"State superintendent of education, state senator ",Graduate of Brown University 
,MS,,,,,,,,,,,,,,,,,
"Beam, Charles ",MS,s ,16,49.6,Franklin ,49,MA ,Merchant ,"$3,000","$19,000","$7,000","$5,000",,3,,,,
,MS,,,,,,,,,,,,,,,,,
"Bonney, Peres ",MS,s ,41,45.6,Pike ,70,ME ,Court clerk ,"$1,000",$200,$0,$0,,0,,(Probate clerk) ,,From a Whig family 
,MS,,,,,,,,,,,,,,,,,
"Bridges, Nicholas ",MS,N ,9,44.5,Choctaw ,30,sc ,Farmer ,$0,$0,,,,0,,,State senator ,Union League 
,MS,,,,,,,,,,,,,,,,,
"Collins, Vincent ",MS,s ,14,22.3,Jones ,54,MS ,Farmer ,"$1,500","$1,071","$1,500","$1,512",,0,,,State representative ,Union veteran 
,MS,,,,(Davis) ,,,,,,,,,,,,,
"Compton, William M. * ",MS,N ,35,50.7,Marshall ,34,KY ,Physician ,"$8,000","$45,000","$10,000","$3,000",,30,,(1865 canst. convention),superintendent of state insane asylum ,Confederate surgeon 
,MS,,,,,,,,,,,,,,,,,
,MS,,,,,,,,,,,,,,,,,
"Conly, Samuel ",MS,c ,3,40.6,Attala ,42,PA ,Millwright ,"$17,000","$7,000","$8,000","$2,000",,0,,(Probate judge) ,,
,MS,,,,,,,,,,,,,,,,,
"Dalton, Terry* ",MS,N ,49,19.1,Tishomingo ,,,,"$15,000","$25,000",,,,21,,,,"Listed as ""proprietor"" in 1860 census returns "
,MS,,,,,,,,,,,,,,,,,
"Dowd, Andrew ",MS,D ,8,77.5,Coahoma ,40,NC ,Physician ,,,"$33,740","$5,000",,,,,State senator ,
,MS,,,,,,,,,,,,,,,,,
"Elliott, James ",MS,N ,36,64.9,Monroe ,64,VA ,Physician ,"$3,000","$3,000","$2,000",$500,,4,,,,
,MS,,,,,,,,,,,,,,,,,
"Elliott, John ",MS,N ,24,13,Itawamba ,56,VA ,Physician ,$700,"$4,895","$3,000","$2,000",,4,,,,
,MS,,,,,,,,,,,,,,,,,
"Field, Joseph ",MS,N ,33,79.1,Lowndes ,68,VA ,Planter ,"$194,000","$165,000",,,,102,,,,
,MS,,,,,,,,,,,,,,,,,
"Gaither, Wiley* ",MS,N ,29,30.3,Lee ,60,NC ,Lawyer ,"$3,000","$21,420","$6,000","$2,000",,24,,(1865 canst. convention) ,,Former Whig 
,MS,,,,,,,,,,,,,,,,,
"Goss, Alanson* ",MS,s ,18,33.5,Marion ,60,OH ,Minister ,$400,$330,$300,$500,,0,,,,
,MS,,,,,,,,,,,,,,,,,
"Gray, William, B.* ",MS,D ,15,54,DeSoto ,41,AL ,Physician ,"$21,000","$34,900","$5,220","$3,500",,40,,,,
,MS,,,,,,,,,,,,,,,,,
"Hemingway, William L. * ",MS,N ,6,59.7,Carroll ,58,sc ,Planter ,"$26,000","$76,200",,,,69,,(1865 canst. convention),state treasurer ,"Douglas Democrat, as state treasurer defaulted with $316,612"
,MS,,,,,,,,,,,,,,,,,
,MS,,,,,,,,,,,,,,,,,
"Herbert, James L. ",MS,N ,36,64.9,Monroe ,48,MD ,Lawyer ,$200,$750,$0,$0,,0,,,"State representative, circuit court judge ",
,MS,,,,,,,,,,,,,,,,,
"Holland, George H. ",MS,N ,9,44.5,Oktibbeha ,49,AL ,Farmer ,"$1,600","$2,400","$3,000","$1,740",,0,,,"State representative, state treasurer, probate judge ",Unionist 
,MS,,,,,,,,,,,,,,,,,
"Hutto, William A. ",MS,c ,37,20,Neshoba ,51,sc ,Farmer ,"$1,500","$1,500",$900,$580,,0,,,,
,MS,,,,,,,,,,,,,,,,,
"Jamison, Andrew ",MS,N ,7,53,Chickasaw ,40,sc ,Merchant ,$700,"$15,000",,,,0,,,,
,MS,,,,,,,,,,,,,,,,,
"Johnson, Stephen ",MS,N ,6,59.7,Carroll ,62,TN ,Minister ,"$120,000","$100,000","$11,000","$6,500",,72,,,State senator ,
,MS,,,,,,,,,,,,,,,,,
"Jones, Thomas W. ",MS,N ,42,24,Pontotoc ,32,GA ,Farmer ,$0,"$20,000","$2,500","$1,200",,8,,,,
,MS,,,,,,,,,,,,,,,,,
"Kerr, James ",MS,N ,5,21.9,Calhoun ,48,TN ,Physician ,"$3,000","$6,000","$1,000",$600,,6,,,,
,MS,,,,,,,,,,,,,,,,,
"Lack, Moses H. ",MS,c ,44,37.6,Scott ,45,TN ,Carpenter ,$700,"$3,000","$1,500","$1,000",,,,,,
,MS,,,,,,,,,,,,,,,,,
"Longmire, G. E.* ",MS,c ,38,36.6,Newton ,38,AL ,Physician ,"$5,900","$20,000",$500,$500,,0,,,Sheriff ,Organized KKK in Newton County 
,MS,,,,,,,,,,,,,,,,,
"McCutchin, P. H.* ",MS,N ,28,39.3,Lafayette ,58,TN ,Farmer ,,,"$3,000","$2,500",,,,,,
,MS,,,,,,,,,,,,,,,,,
"McKnight, William ",MS,c ,25,50.7,Jasper ,26,MS ,Teacher ,$0,$0,,,,0,,,,Union League official 
,MS,,,,,,,,,,,,,,,,,
"Mask, Hamilton ",MS,N ,49,19.1,Tishomingo ,45,NC ,Mayor of Corinth ,,,"$7,700","$1,020",,,,,Mayor of Corinth ,
,MS,,,,,,,,,,,,,,,,,
"Merryman, R. C. ",MS,c ,30,52.2,Lauderdale ,,VA ,,,,,,,,,,,Served in Confederate cavalry with J. E. B. Stuart 
,MS,,,,,,,,,,,,,,,,,
"Miles, Orange ",MS,D ,26,78,Jefferson ,48,OH ,Farmer ,"$2,000","$1,000",$0,$0,,0,,,State senator ,
,MS,,,,,,,,,,,,,,,,,
"Montgomery, Robert* ",MS,D ,22,75.1,Holmes ,51,TN ,Lawyer ,$0,"$5,730","$4,000","$2,000",,3,,(1865 canst. convention) ,,Former Whig 
,MS,,,,,,,,,,,,,,,,,
"Mygatt, Alston ",MS,D ,50,77,Warren ,64,NY ,Minister ,"$6,000","$3,000",$0,$0,,2,,,State senator ,"Established Union League in Vicksburg in 1863, anti-secessionist "
,MS,,,,,,,,,,,,,,,,,
,MS,,,,,,,,,,,,,,,,,
"Neilson, Charles ",MS,s ,2,59.3,Amite ,33,MS ,Lawyer ,,,"$11,450","$7,780",,,,,,
,MS,,,,,,,,,,,,,,,,,
"Nelms, William ",MS,N ,48,16.3,Tippah ,45,TN ,Farmer ,"$4,200","$1,500","$6,000","$3,085",,0,,(Constable) ,,
,MS,,,,,,,,,,,,,,,,,
"Nesbit, William D. â€¢ ",MS,D ,15,54,DeSoto ,55,sc ,Farmer ,"$12,000","$30,000",$280,$150,,24,,,,
,MS,,,,,,,,,,,,,,,,,
"Niles, Jason ",MS,c ,3,40.6,Attala ,54,VT ,Lawyer ,"$2,500","$17,000",$0,,,,,(delegate to 1851 and 1865 const conventions),"U.S. Congress, circuit judge ",Former Whig 
,MS,,,,,,,,,,$0,,,,,,,
,MS,,,,,,,,,,,,,,,,,
,MS,,,,,,,,,,,,,,,,,
"Orr, Benjamin H. ",MS,s ,19,34.9,Harrison ,,,,,,,,,,,,,Murdered 
"Ozanne, Urbain ",MS,N ,40,47.9,Panola ,33,France ,Wigmaker ,"$5,000","$2,000",,,,0,,,"Sheriff, probate judge ",
,MS,,,,,,,,,,,,,,,,,
"Peyton, Elijah ",MS,c ,20,70,Hinds ,38,TN ,U.S. marshal ,$0,"$2,000","$3,000","$7,000",,0,,,State representative ,"Confederate It. colonel, deserter "
,MS,,,,,,,,,,,,,,,,,
"Peyton, Ephraim ",MS,c ,13,53.9,Copiah ,66,KY ,Lawyer ,"$2,500","$27,000",,,,0,,,Judge on MS Supreme Court ,"Former Whig, anti-secessionist "
,MS,,,,,,,,,,,,,,,,,
"Phillips, John M. * ",MS,D ,47,80.7,Tunica ,38,h ,Physician ,$0,$600,"$5,000","$10,000",,0,,,,
,MS,,,,,,,,,,,,,,,,,
"Powell, Samuel ",MS,c ,39,78.1,Noxubee ,54,sc ,Saddle maker ,,,$500,$100,,,,,,
,MS,,,,,,,,,,,,,,,,,
"Quinn, David A. ",MS,D ,45,81.5,Sunflower ,25,GA ,Teacher ,$0,$0,"$1,000","$1,000",,0,14,,State representative ,
,MS,,,,,,,,,,,,,,,,,
"Richardson, Jared ",MS,c ,54,37.7,Winston ,61,sc ,Farmer ,"$1,500",$800,"$1,000",$842,,0,,,,
,MS,,,,,,,,,,,,,,,,,
"Smith,E.R. ",MS,N ,7,53,Chickasaw ,60,sc ,Farmer ,,,"$1,000",$500,,,,,,
,MS,,,,,,,,,,,,,,,,,
"Stiles, Edward H. ",MS,D ,10,78.3,Claiborne ,,,,,,,,,,,,"State representative, district attorney ",Former Whig 
,MS,,,,,,,,,,,,,,,,,
"Stovall, George ",MS,N ,6,59.7,Carroll ,59,GA ,Farmer ,"$15,000","$30,000","$1,500",$700,,26,,,,
,MS,,,,,,,,,,,,,,,,,
"Stricklin, Walter* ",MS,N ,48,16.3,Tippab ,34,NC ,Lawyer ,$0,"$7,000","$4,000","$1,000",,2,,(1865 canst. convention),state senator ,
,MS,,,,,,,,,,,,,,,,,
"Vaughan, W. G.* ",MS,N ,28,39.3,Lafayette ,44,AL ,Cotton dealer ,"$4,000","$6,000","$5,000","$2,000",,6,,,State representative ,Confederate It. colonel 
,MS,,,,,,,,,,,,,,,,,
"Walker, D. T. ",MS,N ,29,30.3,Lee ,,,,,,,,,,,,Chancellery court judge ,
"Watson, John W. C.* ",MS,N ,35,50.7,Marshall ,60,VA ,Lawyer ,"$12,000","$19,000","$9,000","$2,000",,10,,"(1851 and 1865 canst. conventions, Confederate senate)", circuit court judge ,"Whig, anti-secessionist, two sons killed in war "
,MS,,,,,,,,,,,,,,,,,
,MS,,,,,,,,,,,,,,,,,
,MS,,,,,,,,,,,,,,,,,
"Weir, James ",MS,N ,9,44.5,Choctaw ,65,Ireland ,Farmer ,,,"$1,257","$1,115",,,,(1865 canst. convention) ,,Unionist 
,MS,,,,,,,,,,,,,,,,,
"Aydlott, Mylot ",NC,p ,13,30.6,Gaston ,,,Millwright ,,,,,,,,,Registrar in 1867 ,
"Baker, Joseph ",NC,c ,46,68.5,Edgecombe ,36,NC ,Physician ,"$3,500","$25,000","$30,000","$15,000",,7,,(State representative),mayor of Tarboro ,Confederate surgeon 
,NC,,,,,,,,,,,,,,,,,
"Barnes, Henry ",NC,p ,24,47.8,Rockingham ,55,NC ,Farmer ,"$1,000","$1,200",$800,$300,,0,,,State representative ,
,NC,,,,,,,,,,,,,,,,,
"Benbow, Evan ",NC,M ,7,10.9,Yadkin ,40,NC ,Physician ,"$2,000","$5,926","$6,000","$4,000",,0,,,,
,NC,,,,,,,,,,,,,,,,,
"Blume, William ",NC,p ,16,37.8,Cabarrus ,64,Prussia ,Wagonmaker ,$187,$200,$200,$100,,0,,,,
,NC,,,,,,,,,,,,,,,,,
"Bradley, George ",NC,M ,7,10.9,Watauga ,54,NC ,Retail merchant ,$600,"$3,044",$300,"$4,480",,0,,(1865 const. convention) ,,"Peace advocate, 1863-64 "
,NC,,,,,,,,,,,,,,,,,
Bryan. John ,NC,M ,8,18.7,Wilkes ,34,NC ,Farmer ,$500,$450,"$2,000","$1,000",,0,,(1865 const. convention),"state representative, 1875 const. convention","Union captain, placed in charge on NC's western dist. by Gov. Holden "
,NC,,,,,,...... ,,,,,,,,,,,
,NC,,,,,,,,,,,,,,,,,
,NC,,,,,,,,,,,,,,,,,
"Candler, Thomas ",NC,M ,4,15.8,Madison ,29,TN ,Farmer ,$0,$0,$400,$300,,0,7,,,
,NC,,,,,,,,,,,,,,,,,
"Carter, Sylvester ",NC,c ,54,39.5,Sampson ,25,NC ,Farmer ,$0,$0,$0,$100,,0,,,,
,NC,,,,,,,,,,,,,,,,,
"Congleton, Abram ",NC,c ,66,39,Carteret ,34,NC ,Fisherman ,$100,$0,$250,$0,,0,,,,Union veteran 
,NC,,,,,,,,,,,,,,,,,
"Cowles, Calvin ",NC,M ,8,18.7,Wilkes ,47,NC ,Merchant ,"$20,000","$5,295","$30,000","$10,000",,0,,,Assayer at mint ,"Whig, son-in-law of Gov. Holden (married Ida Holden), son by previous marriage (Calvin Duval Cowles) compiled atlas for War of Rebellion series "
,NC,,,,,,,,,,,,,,,,,
,NC,,,,,,,,,,,,,,,,,
,NC,,,,,,,,,,,,,,,,,
,NC,,,,,,,,,,,,,,,,,
"Cox, Talton ",NC,p ,22,17.1,Randolph ,36,NC ,Teacher ,$0,$0,$800,$200,,0,,,Internal Revenue assessor ,
,NC,,,,,,,,,,,,,,,,,
"Daniel, Wiley ",NC,c ,42,46.8,Wilson ,48,NC ,Farmer ,"$15,000","$29,600","$16,000","$14,000",,18,,,,
,NC,,,,,,,,,,,,,,,,,
"Dickey, George ",NC,M ,6,4.6,Cherokee ,57,NC ,Farmer ,"$10,250","$17,000","$5,000","$1,600",,,,(1865 canst. convention) ,,"Former Whig, Unionist "
,NC,,,,,,,,,,,,,,,,,
"Dowd,Henry ",NC,c ,46,68.5,Edgecombe ,35,NC ,Farmer ,"$12,000","$25,000","$8,000","$1,050",,6,,,,"Secessionist Democrat, Confederate colonel "
,NC,,,,,,,,,,,,,,,,,
"Duckworth, james ",NC,M ,4,15.8,Henderson ,47,NC ,Farmer ,"$1,000",$500,"$1,500",$600,,0,,,Registrar in 1867 ,
,NC,,,,,,,,,,,,,,,,,
"Durham, Plato ",NC,p ,10,21.2,Cleveland ,27,NC ,Lawyer ,,,$200,"$1,000",,,,,"State representative, 1875 const. convention ","Father pro-secession member of NC secession convention; Confederate captain, KKK leader in Cleveland County along with Leroy McAfee, who was Thomas Dixon's uncle and boyhood idol "
,NC,,,,,,,,,,,,,,,,,
,NC,,,,,,,,,,,,,,,,,
,NC,,,,,,,,,,,,,,,,,
,NC,,,,,,,,,,,,,,,,,
,NC,,,,,,,,,,,,,,,,,
,NC,,,,,,,,,,,,,,,,,
"Ellis, )ames ",NC,p ,11,19.3,Catawba ,34,NC ,Physician ,$0,"$2,100","$2,500",$500,,0,,(1865 canst. convention),"state representative,state senator ",
,NC,,,,,,,,,,,,,,,,,
,NC,,,,,,,,,,,,,,,,,
"Ethridge, jasper ",NC,c ,65,33.6,Onslow ,62,NC ,Farmer ,"$3,000","$3,000",$200,"$1,200",,4,,(State legislator) ,state senator,"Unionist in secession crisis, perhaps Union veteran "
,NC,,,,,,,,,,,,,,,,,
"Fisher, Abial ",NC,c ,51,51.7,Bladen ,34,NC ,Adj. general of NC 1870 ,,,$200,"$1,100",,,,,State representative ,"Sometimes classified as carpetbagger, Union veteran "
,NC,,,,,,,,,,,,,,,,,
"Forkner, Samuel ",NC,M ,7,10.9,Surry ,47,NC ,Farmer ,"$1,800","$3,500","$2,000",$800,,0,,(1865 const. convention),state senator,Confederate colonel 
,NC,,,,,,,,,,,,,,,,,
"Franklin, Stokes ",NC,p ,30,48.8,Wake ,30,NC ,Farmer ,,,$0,$0,,,,,State representative ,
,NC,,,,,,,,,,,,,,,,,
"French, John ",NC,p ,24,47.8,Rockingham ,50,NC ,Farmer ,"$1,500","$2,400",$500,$200,,0,,,County commissioner ,
,NC,,,,,,,,,,,,,,,,,
"Gahagan, George ",NC,M ,4,15.8,Madison ,66,sc ,Farmer ,"$4,000","$5,775","$9,000","$5,000",,2,,(1865 const. convention),state representative ,
,NC,,,,,,,,,,,,,,,,,
"Garland, Julius ",NC,M ,3,6.4,Mitchell ,50,NC ,Farmer ,"$1,000",$816,$0,$0,,0,,,,
,NC,,,,,,,,,,,,,,,,,
"Garrett, W. G. B. ",NC,M ,5,7.9,Haywood ,49,NC ,Farmer ,"$1,100","$11,000","$20,000","$2,000",,7,,"(1865 const. convention, state legislator) ",,
,NC,,,,,,,,,,,,,,,,,
"George, Wesley ",NC,M ,8,18.7,Iredell ,58,NC ,Farmer ,"$1,175",$810,$500,$200,,0,,(State legislator in 1840s) ,,
,NC,,,,,,,,,,,,,,,,,
,NC,,,,,,Â·-,,,,,,,,,,,
"Glover, Andrew ",NC,c ,70,43.3,Hyde ,38,NC ,Physician ,"$20,000","$30,000",$0,$0,,29,,,,
,NC,,,,,,,,,,,,,,,,,
"Graham, George ",NC,p ,37,26.6,Montgomery ,38,NC ,Farmer ,,,$500,$500,,,,,State representative ,Confederate veteran 
,NC,,,,,,,,,,,,,,,,,
"Graham, John ",NC,p ,28,39.8,Orange ,28,NC ,Lawyer ,$0,$0,$0,$0,,0,38,,State senator ,"Son of former governor William A. Graham, wrote his autobiography, Confederate major "
,NC,,,,,,,,,,,,,,,,,
,NC,,,,,,,,,,,,,,,,,
,NC,,,,,,,,,,,,,,,,,
"Grant, Henry ",NC,c ,45,61.4,Northampton ,42,NC ,Farmer ,"$1,200","$3,500",$900,$450,,3,,,Sheriff ,
,NC,,,,,,,,,,,,,,,,,
"Gulley, Nathan ",NC,c ,40,34.1,Johnston ,58,NC ,Mechanic ,$0,$240,,,,0,,,,
,NC,,,,,,,,,,,,,,,,,
"Gunter, William ",NC,p ,29,30,Chatham ,48,NC ,Farmer ,$400,"$2,600",$60,$500,,0,,,State representative ,
,NC,,,,,,,,,,,,,,,,,
"Hall, Lorenzo ",NC,c ,54,39.5,Sampson ,49,NC ,Farmer ,$900,$320,,,,0,,,State senator ,"A ""red string"" during war, replaced Alexander Williams as delegate "
,NC,,,,,,,,,,,,,,,,,
,NC,,,,,,,,,,,,,,,,,
"Hare, Jackson ",NC,c ,58,51.6,Hertford ,49,NC ,Farmer ,"$4,100","$11,723","$5,500","$1,760",,0,,(Sheriff) ,,
,NC,,,,,,,,,,,,,,,,,
"Harris, James ",NC,p ,33,57.4,Franklin ,28,NC ,Farmer ,$0,$0,$0,$300,,0,24,,State representative ,
,NC,,,,,,,,,,,,,,,,,
"Hay, James ",NC,c ,40,34.1,Johnston ,48,Ireland ,Physician ,$400,"$4,006",,,,0,,,,
,NC,,,,,,,,,,,,,,,,,
"Hobbs, Milton ",NC,p ,9,35.7,Davie ,58,NC ,Physician ,"$1,000","$4,000","$1,500","$1,000",,6,,,,
,NC,,,,,,,,,,,,,,,,,
"Hodnett, Phillip ",NC,p ,25,62.5,Caswell ,64,VA ,Farmer ,"$3,700","$18,000",$600,$200,,12,,(State legislator),State representative ,"Former Democrat, favored secession "
,NC,,,,,,,,,,,,,,,,,
"Hoffler, Thomas ",NC,c ,59,38.9,Gates ,24,NC ,Farmer ,$0,$0,$150,$0,,0,,,,Confederate veteran 
,NC,,,,,,,,,,,,,,,,,
"Hollowell, Jesse ",NC,c ,39,46.9,Wayne ,28,NC ,Farm laborer ,$0,$0,"$1,000",$200,,0,,,Town clerk ,
,NC,,,,,,,,,,,,,,,,,
"Holt, Edwin ",NC,p ,28,39.8,Orange ,36,NC ,Physician ,$0,"$2,000","$1,000","$1,200",,4,,,,
,NC,,,,,,,,,,,,,,,,,
Ing. Jacob ,NC,c ,43,45.3,Nash ,82,NC ,Farmer ,"$1,273","$8,780",,,,2,,,,
,NC,,,,,,,,,,,,,,,,,
"Jones, Calvin ",NC,M ,8,18.7,Caldwell ,55,NC ,Farmer ,"$5,400","$2,767",$0,$300,,2,,,,
,NC,,,,,,,,,,,,,,,,,
"Jones, Edmund ",NC,c ,55,38.5,Tyrrell and ,56,NC ,Farmer ,"$108,800","$65,000","$19,000","$9,000",,55,,,Superior court judge ,Unionist 
,NC,,,,Washington ,,,,,,,,,,,,,
"King, Joseph ",NC,p ,12,32.7,Uncoln ,27,NC ,Farmer ,$0,$0,$800,"$3,000",,0,13,,Sheriff ,
,NC,,,,,,,,,,,,,,,,,
"King, Richard ",NC,c ,47,54.3,Lenoir ,49,NC ,Farmer ,"$20,000","$40,000","$20,000","$6,200",,0,,(1865 const. convention),"1875 const. convention, state senator, customs house official ",
,NC,,,,,,,,,,,,,,,,,
,NC,,,,,,,,,,,,,,,,,
,NC,,,,,,,,,,,,,,,,,
"Kinney, Isaac ",NC,p ,21,24.1,Davidson ,80,NC ,Nurseryman ,"$3,700",$500,$900,$100,,0,,(State representative) ,,Member of Heroes of America 
,NC,,,,,,,,,,,,,,,,,
"Lennon, Haynes ",NC,c ,49,47.8,Columbus ,51,NC ,Baptist minister ,"$8,000","$3,000","$10,000","$1,700",,29,,(Wartime postmaster),county commissioner ,
,NC,,,,,,,,,,,,,,,,,
"Logan, William ",NC,p ,2,22.9,Rutherford ,45,NC ,Baptist minister ,$600,$500,"$4,000","$1,200",,2,,,Registrar in 1867 ,Probably held additional personal property in 1860 
,NC,,,,,,,,,,,,,,,,,
"Long, Richmond ",NC,p ,38,51.8,Richmond ,58,NC ,Hotel keeper ,"$3,000","$4,000","$1,500","$1,500",,3,,,"State representative, state senator ",Held Confederate mail contract 
,NC,,,,,,,,,,,,,,,,,
"McCubbins, John ",NC,p ,9,35.7,Rowan ,44,NC -,Dry goods merchant ,"$3,800","$20,000","$7,000","$22,700",,4,,(Confederate purchasing agent) ,,"Replaced lsaac Shaver, who was never seated as a delegate "
,NC,,,,,,,,,,,,,,,,,
"McDonald, John ",NC,p ,29,30,Chatham ,41,NC ,Merchant ,$0,$50,,,,0,,(1865 const. convention) ,,
,NC,,,,,,,,,,,,,,,,,
"McDonald, Sween ",NC,p ,36,29.3,Moore ,70,NC ,Farmer ,$500,"$8,000",$200,$300,,10,,,,
,NC,,,,,,,,,,,,,,,,,
"Marler, John ",NC,M ,7,10.9,Yadkin ,31,NC ,Dry goods merchant ,,,"$1,030","$2,200",,,,,"State representative, state senator ","Confederate officer, unseated and replaced by John Marshall "
,NC,,,,,,,,,,,,,,,,,
"Marshall, John ",NC,M ,7,10.9,Surry ,43,NC ,Farmer ,,,$600,$400,,,,,,
,NC,,,,,,,,,,,,,,,,,
"May, Mark ",NC,M ,6,4.6,Macon ,55,NC ,Baptist minister ,$300,$205,$500,$400,,0,,,,
,NC,,,,,,,,,,,,,,,,,
"Merritt, William ",NC,p ,27,49,Person ,40,VA ,Physician ,"$2,485","$5,000","$3,500","$1,000",,4,,,,
,NC,,,,,,,,,,,,,,,,,
"Moore, james ",NC,p ,31,59.1,Granville ,39,TN ,Farmer ,"$2,100",$300,"$4,412","$1,000",,0,,,Sheriff ,
,NC,,,,,,,,,,,,,,,,,
"Morton, Levi ",NC,p ,17,21.8,Stanly ,42,NC ,Farmer ,$300,$300,$600,$350,,0,,(State legislator) ,,
,NC,,,,,,,,,,,,,,,,,
"Mullican, Spencer ",NC,p ,21,24.1,Davidson ,58,NC ,Farmer ,"$1,000","$2,500",$600,$500,,0,,,,Member of Heroes of America 
,NC,,,,,,,,,,,,,,,,,
"Murphy, W. A. B. ",NC,M ,,25.6,McDowell ,55,NC ,Farmer ,"$7,000","$2,000",,,,0,,,,
,NC,,,,,,,,,,,,,,,,,
"Nance, joshua ",NC,c ,50,48.2,Robeson ,58,NC ,Farmer ,"$3,600",$830,"$1,200",$800,,0,,,County commissioner ,
,NC,,,,,,,,,,,,,,,,,
"Newsom, William ",NC,p ,15,24.6,Union ,50,NC ,Farmer ,"$2,500","$2,125","$1,200",$500,,0,,,,Evidently died prior to 1870 
,NC,,,,,,,,,,,,,,,,,
,NC,,,,,,,,,,,,,,,,,
"Nicholson, William ",NC,c ,61,50.2,Perquimans ,42,NC ,Physician ,"$3,300","$2,000","$5,000","$1,000",,0,,(candidate for 1865 const. convention) ,,
,NC,,,,,,,,,,,,,,,,,
"Parker, Roswell ",NC,c ,45,61.4,Northampton ,,,,,,,,,,,,State representative ,
"Parks, John ",NC,M ,,25.6,Burke ,69,NC ,Farmer ,"$1,800","$1,400","$1,100",$500,,0,,(State representative in 1862) ,,
,NC,,,,,,,,,,,,,,,,,
"Patrick, john ",NC,c ,41,50.1,Greene ,38,NC ,Farmer ,"$6,500","$20,500","$3,000","$1,000",,15,,,"Superior court clerk, county commissioner ",
,NC,,,,,,,,,,,,,,,,,
"Peterson, )no. ",NC,c ,53,40.7,Duplin ,36,NC ,Farmer ,"$2,000","$2,000",$800,$560,,2,,,,Sometimes classified as black 
,NC,,,,,,,,,,,,,,,,,
"Petree, Riley ",NC,p ,19,24.1,Stokes ,48,NC ,Farmer ,,,$800,$750,,,,,,
,NC,,,,,,,,,,,,,,,,,
"Pool, Charles ",NC,c ,62,48.2,Pasquotank ,28,NC ,Registrar of bankruptcy ,$0,$0,"$15,000","$1,500",,,40,,"Superior court judge, mayor of Elizabeth City ",Former Whig 
,NC,,,,,,,,,,,,,,,,,
"Ragland, John ",NC,p ,31,59.1,Granville ,60,NC ,Farmer ,"$3,750","$10,000","$1,000",$150,,0,,,State representative ,
,NC,,,,,,,,,,,,,,,,,
"Ray, Henry ",NC,p ,26,36.9,Alamance ,38,NC ,Farmer ,$500,$500,"$1,000",$100,,0,,,,Involved in Gov. Holden's efforts to suppress KKK 
,NC,,,,,,,,,,,,,,,,,
"Read, John ",NC,p ,32,73.3,Warren ,52,VA ,Farmer ,"$1,000","$9,186","$7,016","$3,080",,11,,,Internal Revenue collector ,"Allegedly defected with $56,948"
,NC,,,,,,,,,,,,,,,,,
"Rhodes, Jesse ",NC,p ,2,22.9,Polk ,68,NC ,Farmer ,$810,"$2,500","$2,000","$1,180",,0,,,,
,NC,,,,,,,,,,,,,,,,,
"Rodman, William ",NC,c ,68,38.4,Beaufort ,51,NC ,Farmer ,,,"$30,000","$5,500",,112,,(Breckinridge elector in 1860),associate justice of NC Supreme Court,"Secessionist, former Democrat, ConfederateÂ·colonel "
,NC,,,,,,,,,,,,,,,,,
,NC,,,,,,,,,,,,,,,,,
"Rose, Allen ",NC,p ,9,35.7,Rowan ,66,NC ,Farmer ,"$2,000","$1,500","$1,140",$800,,0,,,,
,NC,,,,,,....... ,,,,,,,,,,,
,NC,,,,,,,,,,,,,,,,,
"Sanderlin, Thomas ",NC,c ,63,29.3,Currituck ,39,NC ,Farmer ,"$5,000","$2,500","$5,000","$1,000",,4,,,County commissioner ,
,NC,,,,,,,,,,,,,,,,,
"Smith, Jerry ",NC,M ,8,18.7,Alexander ,29,NC ,Farmer ,$0,$0,"$1,500",$500,,0,,,,Union veteran 
,NC,,,,,,,,,,,,,,,,,
"Stilley, William ",NC,c ,68,38.4,Beaufort ,64,NC ,Farmer ,"$3,500","$7,600","$2,000",$800,,10,,(State representative) ,,
,NC,,,,,,,,,,,,,,,,,
"Stilwell, Silas ",NC,p ,14,47.3,Mecklenburg ,56,NC ,Farmer ,$800,$400,"$3,000",$625,,0,,,,
,NC,,,,,,,,,,,,,,,,,
"Taylor, William ",NC,c ,52,48.2,Camden ,51,Ireland ,Farmer ,"$30,000","$40,000","$5,000","$1,000",,55,,,,
Matchet ,NC,,,,,,,,,,,,,,,,,
"Teague, Elijah ",NC,p ,20,25,Forsyth ,51,NC ,Farmer ,"$4,500","$4,000","$3,700","$2,900",,0,,(State legislator) ,,
,NC,,,,,,,,,,,,,,,,,
"Trogden, Rueben ",NC,p ,22,17.1,Randolph ,37,NC ,Farm laborer ,$0,$0,"$5,000","$1,000",,0,,,Sheriff ,Family produced a privately published family history
,NC,,,,,,,,,,,,,,,,,
"Tucker, George ",NC,p ,18,49.7,Anson ,54,NC ,Farmer ,"$1,400","$1,200","$1,500",$100,,0,,,,
,NC,,,,,,,,,,,,,,,,,
"Turner, James ",NC,p ,35,38.6,Harnett ,so ,NC ,Farmer ,"$10,000","$10,000","$4,000",$500,,,,,,
,NC,,,,,,,,,,,,,,,,,
"Watts, Samuel ",NC,c ,56,45,Martin ,46,NC ,Lawyer ,"$3,000","$2,000","$2,500","$1,000",,,,,Superior court judge ,Douglas Democrat in 1860 
,NC,,,,,,,,,,,,,,,,,
"Welker, George ",NC,p ,23,30,Guilford ,50,PA ,Minister ,,,"$1,000",$500,,,,,State senator ,Published newspaper with Albion Tourgee
,NC,,,,,,,,,,,,,,,,,
"Williams, Alexander ",NC,c ,54,39.5,Sampson ,28,NC ,Farmer ,$0,$0,$0,$0,,0,24,,,Unseated and replaced by Lorenzo Hall
,NC,,,,,,,,,,,,,,,,,
"Williams, Benton ",NC,p ,30,48.8,Wake ,69,NC ,Farmer ,"$8,000","$1,200","$2,000","$2,000",,15,,,,
,NC,,,,,,,,,,,,,,,,,
"Allen, James ",SC,MT ,15,41.7,Greenville ,45,NY ,Marble mason ,"$2,500","$2,500","$3,000","$5,000",,0,,,"Postmaster of Greenville, state senator, presidential elector in 1868 ","Confederate deserter, built Columbia city hall, director of Greenville-Columbia RR, county treasurer, convicted of default "
,SC,,,,,,,,,,,,,,,,,
,SC,,,,,,,,,,,,,,,,,
,SC,,,,,,,,,,,,,,,,,
,SC,,,,,,,,,,,,,,,,,
"Boozer, Lemuel ",SC,M ,18,39.7,Lexington ,59,sc ,Lawyer ,"$10,000","$40,000",,,1,51,,"(1865 canst. convention, presidential elector in 1844, State senator)","It. governor, judge ","Douglas delegate to 1860 Democratic convention in Charleston, Unionist, son killed by a secessionist Confederate captain, charged with murder of his commanding officer "
,SC,,,,,,,,,,,,,,,,,
,SC,,,,,,,,,,,,,,,,,
,SC,,,,,,,,,,,,,,,,,
"Bowen, Christopher ",SC,L ,6,59.7,Charleston ,36,RI ,Lawyer ,,,$0,"$2,000",,,,,U.S. Congress ,
,SC,,,,,,,,,,,,,,,,,
,SC,,,,,,,,,,,,,,,,,
"Bryce, Alexander ",SC,MT ,25,29.1,Pickens ,64,sc ,Farmer ,"$1,400",$400,$210,$250,,0,,(1865 canst. convention) ,,Secessionist 
,SC,,,,,,,,,,,,,,,,,
"Camp, J. P. Frank ",SC,MT ,27,35.2,Spartanburg ,38,"S<;.,.. ",Merchant ,"$1,300","$8,700",$800,$500,,7,,,County treasurer ,Confederate hospital nurse 
,SC,,,,,,,,,,,,,,,,,
"Coghlan, Thomas ",SC,M ,28,73.4,Sumter ,65,Ireland ,Blacksmith ,"$2,300","$3,000",$0,"$1,500",,0,,,"Sheriff, state senator, county treasurer","Unionist, born aboard ship while parents were migrating from Ireland "
,SC,,,,,,,,,,,,,,,,,
,SC,,,,,,,,,,,,,,,,,
"Collins, William ",SC,L ,22,48.6,Marion ,43,sc ,Farmer ,,,$500,$204,,,,,State representative ,Married woman of mixed race 
,SC,,,,,,,,,,,,,,,,,
"Corley, Simeon ",SC,M ,18,39.7,Lexington ,44,sc ,Tailor ,"$1,009","$3,500","$2,000","$4,000",,0,,,U.S. Congress ,"Opposed secession in 1850s, temperance activist, forced into Confederate army at bayonet point "
,SC,,,,,,,,,,,,,,,,,
,SC,,,,,,,,,,,,,,,,,
,SC,,,,,,,,,,,,,,,,,
"Crews, Joseph ",SC,MT ,20,59.3,Laurens ,45,NC ,Merchant ,"$7,000",$0,,,,7,,,State representative ,"Assassinated in 1875, must have had personal property in 1860"
,SC,,,,,,,,,,,,,,,,, 
,SC,,,,,,,,,,,,,,,,,
"Dickson, Elias ",SC,M ,8,67.3,Clarendon ,35,sc ,Druggist ,$0,$0,"$1,800",$250,,0,,,"State senator, county treasurer ",Confederate deserter 
,SC,,,,,,,,,,,,,,,,,
"Dill, Solomon ",SC,M ,17,67.3,Kershaw ,43,sc ,Farmer ,,,,,1,,,,State senator elect ,Union League official 
,SC,,,,,,,,,,,,,,,,,
,SC,,,,,,,,,,,,,,,,,
"Duncan, B. Odell ",SC,MT ,23,66.6,Newberry ,58,sc ,Farmer ,,,"$20,000","$3,000",,,,(U.S. consul to Duchy of Baden) ,,Opposed secession 
,SC,,,,,,,,,,,,,,,,,
"Gentry, John ",SC,MT ,27,35.2,Spartanburg ,60? ,SC? ,,,,,,,,,,,
"Goss, James ",SC,MT ,29,57,Union ,47,sc ,Merchant ,"$8,000","$55,000",,,,18,,,U.S. Congress ,"Confederate veteran, testified in KKK hearings "
,SC,,,,,,,,,,,,,,,,,
"Hunter, John ",SC,MT ,,66.1,Abbeville ,,sc ,Merchant ,,,,,,,,,Registrar in 1867 ,
"Johnson, Leander ",SC,MT ,25,29.1,Pickens ,40,NC ,Physician ,"$15,000","$7,405",,,,3,,(1865 const. convention) ,,
,SC,,,,,,,,,,,,,,,,,
"Johnson, William ",SC,MT ,15,41.7,Greenville ,39,sc ,Farmer ,"$3,000","$1,130","$2,000",$550,,7,,,County assessor ,Confederate deserter 
,SC,,,,,,,,,,,,,,,,,
"Mackey, Albert ",SC,L ,6,59.7,Charleston ,60,sc ,Physician ,"$3,000","$1,500",,,,3,,,Collector of customs in Charleston ,"Unionist, Masonic leader "
,SC,,,,,,,,,,,,,,,,,
"Mackey, Edmund ",SC,M ,24,67.2,Orangeburg ,24,sc ,,$0,$0,$0,$0,,,3,(asst. assessor oflnternal Revenue),"sheriff, U.S. Congress, state representative ","Son of Albert Mackey, editor of Charleston Republican, married Victoria Sumter, an African American woman "
,SC,,,,,,,,,,,,,,,,,
,SC,,,,,,,,,,,,,,,,,
,SC,,,,,,,,,,,,,,,,,
"Maulden, Mabry ",SC,MT ,25,29.1,Pickens ,57,sc ,Farmer ,"$2,000",$500,"$1,200",$400,,0,,,,
,SC,,,,,,,,,,,,,,,,,
"Milford, T. B. ",SC,MT ,,66.1,Abbeville ,51,sc ,Farmer ,"$2,000","$5,760",$100,$800,,6,,,"State representative, probate judge",Unionist 
,SC,,,,,,,,,,,,,,,,,
"Miller, Franklin ",SC,L ,14,86.3,Georgetown ,33,sc ,Inspector of naval stores ,$0,$100,$0,$200,,0,,,State representative ,Sometimes classified as black 
,SC,,,,,,,,,,,,,,,,,
"Moses, Franklin ",SC,M ,28,73.4,Sumter ,28,sc ,Lawyer ,$0,$0,"$51,100","$11,000",,,25,(1865 const. convention),governor of SC ,"Drug addict, allegedly raised Confederate flag at Ft. Sumter in April1861 "
,SC,,,,,,,,,,,,,,,,,
,SC,,,,,,,,,,,,,,,,,
"Neagle, John ",SC,MT ,31,44.3,York ,30,NC ,Physician ,"$1,000","$3,044","$10,000","$12,000",,2,,,"State representative, state comptroller general ",Confederate surgeon 
,SC,,,,,,,,,,,,,,,,,
"Newell, N.J. ",SC,MT ,2,43.7,Anderson ,37,sc ,Physician ,$0,"$5,000",$831,$200,,0,,,,Alt. delegate to 1868 Republican national convention 
,SC,,,,,,,,,,,,,,,,,
,SC,,,,,,,,,,,,,,,,,
"Olsen, Charles ",SC,L ,30,68.3,Williamsburg ,,Denmark ,Grocery clerk ,,,,,,,,,,"Confederate veteran Anti-secessionist, Confederate conscript, deserted and joined Union army "
"Owens, Y. J. P. ",SC,MT ,20,59.3,Laurens ,23,sc -,Farmer ,,,$300,$200,,,,,State senator ,
,SC,,,,,,,,,,,,,,,,,
,SC,,,,,,,,,,,,,,,,,
"Perry, William ",SC,MT ,2,43.7,Anderson ,48,NJ ,Cotton manufacturer ,,,"$55,000","$3,000",,,,,State representative ,
,SC,,,,,,,,,,,,,,,,,
"Richmond, A. C. ",SC,L ,4,89.4,Berkeley ,,,Court clerk ,,,,,,,,,State representative ,Confederate veteran who was imprisoned in Charleston for disloyalty 
,SC,,,,,,,,,,,,,,,,,
,SC,,,,,,,,,,,,,,,,,
"Robertson, Thomas ",SC,M ,26,69.5,Richland ,45,sc ,Planter ,"$15,000","$110,000","$20,000","$300,000",,84,,(1865 const. convention),U.S. Senate ,Unionist 
,SC,,,,,,,,,,,,,,,,,
"Rose, William ",SC,MT ,31,44.3,York ,49,England ,Hotel keeper ,"$20,000","$10,000","$25,000","$5,000",,6,,,State senator ,"Confederate veteran, had trouble with KKK "
,SC,,,,,,,,,,,,,,,,,
"Runion, James ",SC,MT ,15,41.7,Greenville ,44,NC ,Minister ,$350,$350,$550,$500,,0,,,County auditor ,"Secessionist, Confederate chaplain "
,SC,,,,,,,,,,,,,,,,,
"Rutland, James ",SC,MT ,13,72.1,Fairfield ,51,sc ,Lawyer ,"$16,000","$15,958",,,,2,,,"State senator, circuit court judge ","Secessionist, helped raise funds to purchase a gold-headed cane for Preston Brooks in 1856, later a Union man "
,SC,,,,,,,,,,,,,,,,,
,SC,,,,,,,,,,,,,,,,,
,SC,,,,,,,,,,,,,,,,,
"Woolley, John ",SC,M ,12,63.5,Edgefield ,43,sc ,"County treasurer, 1870",$0,$700,$700,"$1,000",,0,,,"County treasurer, county land commissioner ","Sometimes classified as black, threatened by KKK "
,SC,,,,,,,,,,,,,,,,,
,SC,,,,,,,,,,,,,,,,,
"Adams, Pleasant* ",TX,E ,19,45.2,Henderson ,51,VA ,Physician ,"$8,000","$28,400","$4,000","$2,724",,30,,,,
,TX,,,,,,,,,,,,,,,,,
"Armstrong, James ",TX,E ,24,44.7,Jefferson ,56,KY ,Lawyer ,,,"$10,000","$3,000",,3,,"(TX Congress 1830s-40s, delegate to annexation convention of 1845)", state representative ,Texas army 1836
,TX,,,,,,,,,,,,,,,,,
,TX,,,,,,,,,,,,,,,,,
,TX,,,,,,,,,,,,,,,,,
"Armstrong, Micajah* ",TX,NE ,5,36.1,Lamar ,62,TN ,Farmer ,"$4,000","$5,500",$500,$400,,8,,"(TN legislator, Unionist in TX legislature in 1860, delegate to 1866 TX canst. convention)","state representative, county clerk ",
,TX,,,,,,,,,,,,,,,,,
,TX,,,,,,,,,,,,,,,,,
,TX,,,,,,,,,,,,,,,,,
,TX,,,,,,,,,,,,,,,,,
"Bell, John* ",TX,c ,46,53.3,Austin ,48,FL ,Hotel keeper ,"$14,000","$7,900","$10,000",$950,,4,,(County treasurer),"state senator, state representative",Unionist 
,TX,,,,,,,,,,,,,,,,,
"Bellinger, Edmund* ",TX,w ,58,45.4,Gonzales ,66,sc ,Farmer ,"$1,100","$3,000",,,,0,,,,
,TX,,,,,,,,,,,,,,,,,
"Bledsoe, Albert ",TX,NE ,16,30.5,Dallas ,67,KY ,Farmer ,"$3,600","$3,700","$3,000",$250,,0,,(County judge),state comptroller; delegate to 18721iberal Republican national convention ,Unionist 
,TX,,,,,,,,,,,,,,,,,
,TX,,,,,,,,,,,,,,,,,
,TX,,,,,,,,,,,,,,,,,
"Board, N. V. t ",TX,E ,13,65.2,Harrison ,65,VA ,Farmer ,"$2,000","$3,475","$4,500","$1,500",,6,,,County judge ,
,TX,,,,,,,,,,,,,,,,,
"Boyd, John ",TX,c ,38,65.7,Robertson ,33,TN ,Lawyer ,$0,$0,,,,0,,(State senator) ,,"Confederate veteran, secessionist "
,TX,,,,,,,,,,,,,,,,,
"Brown, Jamest ",TX,NE ,11,20.6,Kaufman ,50,VA ,Carpenter ,$570,$200,"$9,000","$2,000",,0,,(Justice of the peace) ,,Unionist 
,TX,,,,,,,,,,,,,,,,,
,TX,,,,,,",.... ",,,,,,,,,,,
"Bryant, Anthony* ",TX,NE ,9,20.3,Grayson ,49,KY ,Farmer ,"$7,500","$4,200","$10,000","$3,000",,2,,(County judge) ,,"Confederate veterao, Unionist "
,TX,,,,,,,,,,,,,,,,,
"Buffington, Anderson* ",TX,c ,34,66.5,Grimes ,62,sc ,Minister ,"$6,000",$500,"$1,000",$250,,,,(County judge) ,,"Opposed secession, in Battle of San Jacinto, two sons in Confederate army "
,TX,,,,,,,,,,,,,,,,,
,TX,,,,,,,,,,,,,,,,,
"Burnett, James* ",TX,E ,20,54.6,Houston ,25,GA ,Lawyer ,,,,,,,,,"State representative, district judge, state senator ",Confederate captain 
,TX,,,,,,,,,,,,,,,,,
"Caldwell, Colbert ",TX,NE ,,55.3,Marion ,46,TN ,Lawyer ,,,"$3,000","$2,500",,11,,,Judge on TX Supreme Court ,"Anti-secessionist, threatened by KKK "
,TX,,,,,,,,,,,,,,,,,
"Carter, W. Frank*t ",TX,NE ,17,25.6,Parker ,46,MA ,Miller ,"$32,360","$3,725","$4,000","$1,000",,0,,(County judge),mayor of Weatherford,"A ""loyal man"" "
,TX,,,,,,,,,,,,,,,,,
"Cole, David Washington* ",TX,NE ,6,17.9,Hopkins ,47,KY ,Farmer ,"$4,050","$3,875",$0,$0,,2,,,State senator ,
,TX,,,,,,,,,,,,,,,,,
"Davis, Edmund*t ",TX,w ,62,16.3,Nueces ,41,FL ,Lawyer ,$0,$0,$0,$0,,0,,"(District judge, delegate to 1866 canst. convention)",governor of TX ,"Union general, probably held property "
,TX,,,,,,,,,,,,,,,,,
,TX,,,,,,,,,,,,,,,,,
"Degener, Edwardt ",TX,w ,56,22.5,Bexar ,58,Germany ,Merchant ,,,"$5,000","$1,000",,,,"(Frankfurt assembly in 1848,delegate to 1866 canst. convention)",U.S. Congress ,"Imprisoned during war because of Unionist sympathy, two sons executed by Confederates for treason "
,TX,,,,,,,,,,,,,,,,,
,TX,,,,,,,,,,,,,,,,,
,TX,,,,,,,,,,,,,,,,,
"Evans, Andrew ",TX,c ,41,52.9,McLennan ,33,sc ,Lawyer ,"$3,200","$1,200",$0,$200,,,,,State senator ,Supported Constitutional Union party in 1860 
,TX,,,,,,,,,,,,,,,,,
"Evans, Lemuel* ",TX,NE ,3,31.5,Titus ,58,TN ,Lawyer ,,,,,,,,"(Delegate to annexation convention of 1845, American party congressman, 1855-57)",chief justice TX Supreme Court ,"Unionist, pro-Douglas in 1860, fled state in 1861 "
,TX,,,,,,,,,,,,,,,,,
,TX,,,,,,,,,,,,,,,,,
,TX,,,,,,,,,,,,,,,,,
,TX,,,,,,,,,,,,,,,,,
"Fayle, William* ",TX,c ,28,59,Harris ,48,England ,Minister ,"$2,200",$250,"$6,000","$1,000",,0,,(Criminal court judge) ,,Spoke out as Republican in 1850s and therefore replaced as minister of his church in 1859
,TX,,,,,,,,,,,,,,,,,
,TX,,,,,,,,,,,,,,,,,
,TX,,,,,,,,,,,,,,,,,
"Flanagan, James ",TX,E ,14,52.1,Rusk ,62,VA ,Lawyer ,"$37,946","$41,650","$10,000","$1,000",,104,,"(State senator, state representative, delegate to 1866 canst. convention) ","state senator, U.S. Senate, it. governor ","Whig, Know-Nothing, Constitutional Unionist in 1850s, member of 1861 peace convention, Confederate colonel "
,TX,,,,,,,,,,,,,,,,,
,TX,,,,,,,,,,,,,,,,,
,TX,,,,,,,,,,,,,,,,,
,TX,,,,,,,,,,,,,,,,,
"Flanagan, Webster ",TX,E ,14,52.1,Rusk ,36,KY ,Merchant ,"$4,300","$47,380","$2,000","$5,000",,6,,,"State senator, delegate to 1875 canst. convention, Internal Revenue collector, delegate to Republican national conventions of 1872, 1880, 1884, 1888, 1892,1896","Son of James Flanagan, opposed secession, Confederate general "
,TX,,,,,,,,,,,,,,,,,
,TX,,,,,,,,,,,,,,,,,
,TX,,,,,,,,,,,,,,,,,
,TX,,,,,,,,,,,,,,,,,
,TX,,,,,,,,,,,,,,,,,
,TX,,,,,,,,,,,,,,,,,
"Fleming, William* ",TX,NE ,2,48.4,Red River ,52,NC ,Farmer ,"$18,000","$12,500","$10,000","$1,500",,16,,,,Confederate veteran 
,TX,,,,,,,,,,,,,,,,,
"Foster, Henry ",TX,w ,47,63.8,Colorado ,28,TX ,Farmer ,$150,$150,$300,$290,,0,,,,
,TX,,,,,,,,,,,,,,,,,
"Gaston, Matthew ",TX,E ,21,32,Cherokee ,36,GA ,Physician ,,,"$3,000","$7,000",,,,,State representative ,Confederate veteran 
,TX,,,,,,,,,,,,,,,,,
"Glenn, Marshall* ",TX,E ,19,45.2,Anderson ,31,TN ,Lawyer ,,,"$3,792",$910,,,,,,Confederate captain 
,TX,,,,,,,,,,,,,,,,,
"Goddin, Mortimer ",TX,E ,26,68.2,Polk ,40,VA ,Farmer ,,,"$10,000","$1,000",,54,,(Justice of the peace) ,,"Unionist, Freedmen's Bureau official, threatened, mayor of Huntsville "
,TX,,,,,,,,,,,,,,,,,
,TX,,,,,,,,,,,,,,,,,
"Gray, Bird* ",TX,NE ,4,40.4,Titus ,42,AL ,Lawyer ,"$5,000","$1,500","$6,000","$1,500",,0,,,District judge ,
,TX,,,,,,,,,,,,,,,,,
"Grigsby, Aaron ",TX,NE ,,55.3,Marion ,,~ ,Presbyterian minister ,,,,,,,,(Assessor-collector) ,,"Always loyal, forced to resign his ministry at start of Civil War because of Unionist sympathies "
,TX,,,,,,,,,,,,,,,,,
,TX,,,,,,,,,,,,,,,,,
,TX,,,,,,,,,,,,,,,,,
"Hamilton, Andrew* ",TX,w ,52,56.7,Travis ,53,AL ,Lawyer ,,,$0,$0,,,,"(State attorney general, U.S. Congress, military governor, provisional governor) ",,"Anti-secessionist, pro-Douglas in 1860, Union general, probably had property "
,TX,,,,,,,,,,,,,,,,,
,TX,,,,,,,,,,,,,,,,,
"Hamilton, Morgant ",TX,w ,50,52.2,Bastrop ,59,AL ,Retired merchant ,,,,,,,,"(Secretary of war, Republic of Texas)",U.S. Senate,"Constitutional Unionist in secession crisis, brother of A. J.Hamilton "
,TX,,,,,,,,,,,,,,,,,
,TX,,,,,,,,,,,,,,,,,
"Harris, Loring* ",TX,E ,12,38.5,Upshur ,57,MA ,"Police judge, 1870",,,$300,$500,,,,,Justice of the peace ,
,TX,,,,,,,,,,,,,,,,,
"Horne, William ",TX,c ,31,88.1,Fort Bend ,29,GA ,Lawyer ,,,"$1,700","$1,400",,,,,,Blind according to 1870 census 
,TX,,,,,,,,,,,,,,,,,
"Johnson, Samuel ",TX,w ,60,45.5,Calhoun ,25,TX ,Hide and wool dealer ,,,"$20,000","$1,000",,,,,County commissioner ,Some problems with middle initial (M or W) 
,TX,,,,,,,,,,,,,,,,,
"Jordan, A. P. H. t ",TX,w ,61,18.5,Goliad ,,,Physician ,,,,,,,,,County commissioner ,
"Kealey, Thomas* ",TX,NE ,10,13.3,Denton ,59,NY ,Mechanic ,"$2,500","$4,000","$5,000",$830,,0,,,,
,TX,,,,,,,,,,,,,,,,,
"Keigwin, William* ",TX,c ,36,52.5,Leon ,47,KY ,Farmer ,"$10,000","$4,475",,,,,,,,
,TX,,,,,,,,,,,,,,,,,
"Keuchler, Jacobt ",TX,w ,54,5.5,Gillespie ,45,Hesse- Darmstadt ,County surveyor ,$200,$320,"$2,000",$200,,0,,,State land commissioner ,"Unionist, founded Tusculum Utopian, attacked by Confederates (Battle of Nueces) while attempting to flee state "
,TX,,,,,,,,,,,,,,,,,
,TX,,,,,,,,,,,,,,,,,
,TX,,,,,,,,,,,,,,,,,
,TX,,,,,,,,,,,,,,,,,
"Kirk, Allan* ",TX,NE ,18,11.2,Erath ,37,TN ,Farmer ,$0,$200,"$5,000","$1,000",,0,,(District clerk) ,,
,TX,,,,,,,,,,,,,,,,,
"Lieb, John* ",TX,c ,45,69.6,Washington ,,,Minister ,,,,,,,,,District supervisor of education ,Unionist 
,TX,,,,,,,,,,,,,,,,,
"Lindsay, Livingston ",TX,w ,49,43,Fayette ,59,VA ,Lawyer ,"$3,500","$8,000","$15,000","$2,000",,10,,,Justice on TX Supreme Court ,Unionist 
,TX,,,,,,,,,,,,,,,,,
"Lippard, Johnt ",TX,c ,39,67.3,Freestone ,44,NC ,Farmer ,"$4,150","$5,900","$8,000","$2,000",,0,,,,Union veteran 
,TX,,,,(lived in ,,,,,,,,,,,,,
,TX,,,,Hill) ,,,,,,,,,,,,,
"McCormick, Andrew* ",TX,c ,33,86.1,Brazoria ,36,TX ,Farmer ,"$11,334","$11,970","$15,000","$3,000",,7,,(1866 canst. convention),"district judge, state senator, circuit judge ",Confederate veteran 
,TX,,,,,,,,,,,,,,,,,
,TX,,,,,,,,,,,,,,,,,
"Mackey, John* ",TX,w ,52,56.7,Travis ,44,MO ,Blacksmith ,,,$380,$120,,0,,,,
,TX,,,,,,,,,,,,,,,,,
"Mills, William* ",TX,w ,63,0.3,El Paso ,30,IN ,Mill owner ,$0,$0,$0,$0,,0,,(Customs collector),State representative,"Unionist, fled state in 1861, son-in-law of A. J. Hamilton, Union lieutenant, probably held property "
,TX,,,,,,,,,,,,,,,,,
,TX,,,,,,,,,,,,,,,,,
,TX,,,,,,,,,,,,,,,,,
"Munroe, Armisted* ",TX,E ,20,54.6,Houston ,50,VA ,Dry goods merchant ,"$10,000","$60,000","$5,000","$50,000",,,,,Financial agent for state penitentiary ,Distantly related to President James Monroe 
,TX,,,,,,,,,,,,,,,,,
"Muckleroy, David ",TX,E ,22,37.6,Nacogdoches ,45,TN ,Farmer ,"$1,000","$1,741","$1,000",$800,,28,,,,"Confederate captain, obvious discrepancy in 1860 census enumeration "
,TX,,,,,,,,,,,,,,,,,
,TX,,,,,,,,,,,,,,,,,
"Mullins, W. H. ",TX,E ,21,32,Cherokee ,34,TN ,Lawyer ,"$1,000",$750,,,1,0,,,,"Committed suicide, replaced by M. Priest, Confederate "
,TX,,,,,,,,,,,,,,,,,
,TX,,,,,,,,,,,,,,,,,
"Mundine, Tirus* ",TX,c ,44,49.3,Burleson ,43,AL ,Retail ,"$9,000","$6,000","$3,886","$2,038",,3,,"(State representative, justice of the peace) ",,"Opposed secession, proposed enfranchising women while Black and Tan delegate "
,TX,,,,,,,merchant ,,,,,,,,,,
,TX,,,,,,.... ,,,,,,,,,,,
"Newcomb, Jamest ",TX,w ,56,22.5,Bexar ,31,Nova Scotia ,Editor ,,,$0,$0,,,,,Secretary of state ,"Unionist, his press was destroyed in 1861, probably held property Union captain, replaced by S. Mullins "
,TX,,,,,,,,,,,,,,,,,
,TX,,,,,,,,,,,,,,,,,
"Oaks, William ",TX,c ,41,52.9,McLennan ,40,TN ,Physician ,"$1,000","$3,925",,,1,3,,,,
,TX,,,,,,,,,,,,,,,,,
"Patten, Nathant ",TX,c ,41,52.9,McLennan ,45,NY ,Manufacturer ,$0,$0,$0,$0,,0,,,"Internal Revenue collector, customs collector ",
,TX,,,,,,,,,,,,,,,,,
"Pedigo, Henry ",TX,E ,25,48.8,Tyler ,47,VA ,Lawyer ,"$20,000","$9,000","$8,000","$2,500",,2,,(District judge) ,,Town of Pedigo named after family 
,TX,,,,,,,,,,,,,,,,,
"Phillips, William* ",TX,E ,23,46.9,San ,51,TN ,Merchant ,"$2,000","$5,000","$2,000","$5,000",,0,,,County judge ,
,TX,,,,Augustine ,,,,,,,,,,,,,
"Phillips, William J. * ",TX,c ,32,83.2,Wharton ,42,VA ,Retired merchant ,"$30,000","$15,000","$3,000","$2,000",,2,,,County assessor ,Confederate veteran 
,TX,,,,,,,,,,,,,,,,,
"Rogers, Edwin* ",TX,NE ,8,23.7,Fannin ,61,TN ,Physician ,"$4,000","$2,000","$3,000",$800,,,,"(Congressman, Republic of Texas) ",,
,TX,,,,,,,,,,,,,,,,,
"Schuetze, Julius* ",TX,w ,51,46.8,Bastrop ,33,Germany ,Lawyer ,,,$0,$0,,,,,"County judge, state representative ","Unionist, published German-language newspaper Vorwaerts, probably held property, tutored Gov. Houston's children "
,TX,,,,,,,,,,,,,,,,,
,TX,,,,,,,,,,,,,,,,,
,TX,,,,,,,,,,,,,,,,,
,TX,,,,,,,,,,,,,,,,,
"Scott, J. R.* ",TX,NE ,7,28.5,Lamar ,36,VA ,Justice of peace ,"$2,000",$600,,,,0,,(Justice of the peace) ,,
,TX,,,,,,,,,,,,,,,,,
"Stockbridge, Charles* ",TX,c ,45,69.6,Washington ,31,PA ,Mail contractor ,"$6,000","$2,000","$1,000",$0,,0,,,State representative ,Union veteran 
,TX,,,,,,,,,,,,,,,,,
"Sumner, Frederick ",TX,NE ,9,20.3,Grayson ,34,VT ,Watchmaker ,"$4,200","$2,000","$1,400","$6,000",,0,,,"Internal Revenue assessor, Republican state executive committee ","Unionist, fled state in 1861 "
,TX,,,,,,,,,,,,,,,,,
,TX,,,,,,,,,,,,,,,,,
"Talbot, Joseph ",TX,w ,53,21.3,Williamson ,53,NY ,Rancher ,,,"$10,000","$2,000",,,,,Supervisor of district board of education ,"Unionist, fled state in 1861 "
,TX,,,,,,,,,,,,,,,,,
"Talbot, Richard* ",TX,w ,53,21.3,Williamson ,50,NY ,Stock raiser ,,,"$10,000","$3,000",,,,(Registrar in 1867) ,,Replaced Joseph W. Talbot as delegate 
,TX,,,,,,,,,,,,,,,,,
"Thomas, James* ",TX,NE ,10,13.3,Collin ,42,MO ,Editor ,$0,$0,"$2,000","$1,500",,0,,,Justice of the peace ,Union veteran 
,TX,,,,,,,,,,,,,,,,,
"Varnell, William ",TX,w ,60,45.5,Jackson ,56,TN ,Farmer ,$700,"$5,000","$1,500","$1,000",,4,,(1866 const. convention) ,,In CA 1849-52 
,TX,,,,,,,,,,,,,,,,,
"Vaughan, Francis ",TX,w ,57,41.8,Guadalupe ,37,TN ,Retail merchant ,"$4,500","$5,243","$5,000","$1,200",,0,,(County clerk) ,,Union captain 
,TX,,,,,,,,,,,,,,,,,
"Whitmore, George ",TX,E ,15,56.7,Smith ,44,TN ,Lawyer ,"$2,500","$9,500","$7,800","$20,130",,7,,"(State representative, district attorney)",U.S. Congress,"Anti-secessionist, imprisoned by Confederates "
,TX,,,,,,,,,,,,,,,,,
,TX,,,,,,,,,,,,,,,,,
"Wilson, Erwin* ",TX,c ,30,87.4,Brazoria ,58,TN ,Farmer ,,,,,,,,(County commissioner) ,,
"Wilson, Johnt ",TX,c ,43,40.7,Milam ,38,AL ,Farmer ,"$6,000","$5,000",,,,8,,,,Confederate veteran 
,TX,,,,,,,,,,,,,,,,,
"Wright, Arvin* ",TX,NE ,17,25.6,Ellis ,69,NC ,Farmer ,"$12,500","$1,850","$10,000","$1,000",,0,,(County judge) ,,
,TX,,,,,,,,,,,,,,,,,
"Yarborough, Gilbert ",TX,E ,12,38.5,Wood ,66,NC ,Farmer ,"$3,420","$4,750",,,,3,,,,
,TX,,,,,,,,,,,,,,,,,
"Babcock, Lemuel ",VA,T ,54,62.1,Charles City ,57,MA ,Lumber manufacturer ,"$3,000","$4,000",$800,$100,,,,,,
,VA,,,,,,,,,,,,,,,,,
"Berkeley, Norborne* ",VA,p ,8,26.5,Loudon ,39,VA ,Farmer ,"$30,000","$20,000","$20,000","$1,000",,20,,,,"Confederate it. colonel, POW following Gettysburg "
,VA,,,,,,,,,,,,,,,,,
"Bowden, Henry ",VA,T ,12,51.8,Norfolk ,50,VA ,Farmer ,"$5,000","$7,500",$0,"$5,000",,2,,,"Internal Revenue assessor, state representative ","Son of Lemuel Bowden, a U.S. senator who represented V Xs Unionist government in 1863-64 "
,VA,,,,,,,,,,,,,,,,,
,VA,,,,,,,,,,,,,,,,,
,VA,,,,,,,,,,,,,,,,,
"Broadus, john* ",VA,p ,16,47.5,Amherst ,62,VA ,"Inspector, city of Lynchburg ","$10,000","$3,250","$1,500",$420,,4,,(Magistrate) ,,
,VA,,,,,,,,,,,,,,,,,
"Campbell, joseph* ",VA,M ,52,20.3,Washington ,39,VA ,Lawyer ,"$14,000","$18,100","$25,000","$1,000",,7,,(County attorney) ,,Confederate colonel 
,VA,,,,,,,,,,,,,,,,,
"Carr, David ",VA,T ,49,68.5,Dinwiddie ,58,NY ,Farmer ,"$5,400","$3,000","$4,000",$600,,0,,,State senator ,Loyal during war 
,VA,,,,,,,,,,,,,,,,,
"Cowan, George* ",VA,M ,63,10.9,Russell ,29,VA ,Farmer ,,,"$7,000","$2,000",,,,(Russell County court clerk) ,,Confederate veteran 
,VA,,,,,,,,,,,,,,,,,
"Dickey, William ",VA,p ,44,8.6,Grayson ,43,VA ,Farmer ,"$4,300",$500,"$2,500",$0,,0,,,,
,VA,,,,,,,,,,,,,,,,,
"Dixon, john ",VA,T ,57,44.3,Mathews ,44,VA ,Ship carpenter ,"$1,500","$8,000","$2,000",$200,,4,,,Customs collector ,Loyal during war 
,VA,,,,,,,,,,,,,,,,,
"Duncan, Charles* ",VA,M ,so ,5.6,Scott ,28,VA ,Merchant ,$0,$0,$700,"$1,400",,0,,,,"Confederate lieutenant, supported secession Union League official, Unionist during war, former Whig "
,VA,,,,,,,,,,,,,,,,,
"Eastham, john* ",VA,p ,30,61.1,Louisa ,39,VA ,Gendeman ,$0,"$12,500",,,,,,,,
,VA,,,,,,,,,,,,,,,,,
"Flanagan, Adam ",VA,M ,32,26.8,Montgomery ,36,VA ,Farmer ,"$3,500","$1,300","$20,000","$3,000",,0,,,,"Unionist, Confederate deserter "
,VA,,,,,,,,,,,,,,,,,
"French, James* ",VA,M ,66,14.2,Bland ,45,VA ,Lawyer ,$0,$0,,,,0,,,State senator ,Confederate colonel 
,VA,,,,,,,,,,,,,,,,,
"Fuqua, Samuel ",VA,p ,31,62.7,Lunenburg ,55,VA ,Farmer ,$0,$0,$0,$0,,0,,,,
,VA,,,,,,,,,,,,,,,,,
"Gibboney, James* ",VA,M ,39,23.3,Wythe ,50,VA ,Physician ,"$5,000","$5,000","$5,000","$1,000",,0,,,,Claimed to have been loyal during war 
,VA,,,,,,,,,,,,,,,,,
Gibson Eustace* ,VA,M ,62,24.9,Giles ,26,VA ,Lawyer ,$0,$0,"$2,500",$800,,104,9,,U.S. Congress representing wv,Confederate captain 
,VA,,,,,,,,,,,,,,,,,
"Gibson, Jonathan* ",VA,p ,45,38,Fauquier ,31,VA ,Lawyer ,,,$0,$0,,,,,,"Brother of Eustace Gibson, Confederate colonel "
,VA,,,,,,,,,,,,,,,,,
"Gravatt, John* ",VA,T ,41,48.2,Caroline ,49,VA ,Physician ,"$15,000","$10,000","$8,000",$600,,14,,,,Confederate physician 
,VA,,,,,,,,,,,,,,,,,
"Harris, Adolphus* ",VA,p ,34,50.5,Nelson ,24,VA - ,Law student ,$0,$0,,,,0,10,,,"Confederate veteran, clerk in Gen. Wise's headquarters Confederate captain "
,VA,,,,,,,,,,,,,,,,,
"Harrison, Powell* ",VA,M ,4,27.6,Augusta ,32,VA ,Lawyer ,$0,$200,"$1,500","$7,500",,0,,,,
,VA,,,,,,,,,,,,,,,,,
"Hawxhurst, John ",VA,T ,14,56.5,Alexandria ,44,NY ,Merchant ,$0,"$3,000",$0,"$6,000",,0,,(Member of Wheeling legislature) ,,
,VA,,,,,,,,,,,,,,,,,
"Hunnicutt, James ",VA,T ,,53.9,City of ,55,sc ,Editor ,"$3,090","$2,500","$2,000",$700,,2,,,,Publisher of Richmond New Nation 
,VA,,,,Richmond ,,,,,,,,,,,,,
,VA,,,,,,,,,,,,,,,,,
"Hunter, Frederick* ",VA,T ,41,48.2,King George ,31,VA ,Lawyer ,$0,$0,$0,$0,,0,22,,,Confederate captain 
,VA,,,,,,,,,,,,,,,,,
Kennerly Joseph* ,VA,M ,55,28.8,Clarke ,41,VA ,Farmer ,"$14,000","$11,000","$14,000","$2,500",,12,,,,"Confederate captain, secessionist "
,VA,,,,,,,,,,,,,,,,,
"Lee, Hugh* ",VA,M ,53,28.7,Roanoke ,31,VA ,Lawyer ,"$9,000","$3,000",,,,0,8,,,Confederate captain 
,VA,,,,,,,,,,,,,,,,,
"Lewis, Benjamin* ",VA,T ,64,23.7,Prince ,51,VA ,Farmer ,"$2,916",$0,"$10,500","$2,245",,0,22,,,Loyal during war 
,VA,,,,William ,,,,,,,,,,,,,
"Liggett, Jacob ",VA,M ,11,13,Rockingham ,38,VA ,Lawyer ,"$11,000","$5,000","$6,500",$500,,4,,(State representative 1865-66) ,,Douglas elector in 1860 
,VA,,,,,,,,,,,,,,,,,
"Linkenhoker, Lewis* ",VA,M ,17,31.8,Botetourt ,47,VA ,Farmer ,"$4,000","$1,100","$9,500",$200,,0,,(Sheriff) ,,Loyal during war 
,VA,,,,,,,,,,,,,,,,,
"Lydick, William ",VA,p ,69,54.9,Campbell ,60,VA ,Merchant ,,,"$5,000",$0,,,,,,Loyal during war 
,VA,,,,,,,,,,,,,,,,,
"McLaughlin, ",VA,M ,43,27.7,Rockbridge ,37,VA ,Lawyer ,"$17,000","$8,000","$12,000","$8,000",,0,,,"State representative, circuit court judge ","Confederate colonel, trustee of Washington and Lee College "
William* ,VA,,,,,,,,,,,,,,,,,
,VA,,,,,,,,,,,,,,,,,
"Marye, John, Jr.* ",VA,T ,41,48.2,Spotsylvania ,43,VA ,Lawyer ,"$6,000","$11,700","$3,000",$500,,11,,,Lt. governor of VA ,"Former Whig, father was member of secession convention and voted for secession "
,VA,,,,,,,,,,,,,,,,,
,VA,,,,,,,,,,,,,,,,,
,VA,,,,,,,,,,,,,,,,,
"Massey, Edward ",VA,T ,59,57.1,King ,32,VA ,Railroad clerk ,,,$375,$100,,,,,State senator ,Confederate veteran 
,VA,,,,William ,,,,,,,,,,,,,
"Mauzy, Fayette ",VA,p ,21,47.1,Culpeper ,65,VA ,Court clerk ,,,"$4,500","$2,500",,,,(County court clerk) ,,Former Whig 
,VA,,,,,,,,,,,,,,,,,
"Mayse, Joseph* ",VA,M ,43,27.7,Bath ,27,VA ,Lawyer ,$0,$0,$0,$100,,0,,,,Confederate captain 
,VA,,,,,,,,,,,,,,,,,
"Milbourn, Andrew ",VA,M ,so ,5.6,Lee ,64,VA ,Farmer ,"$18,000","$2,000","$30,000","$4,000",,7,,,,"Loyal, perhaps from TN "
,VA,,,,,,,,,,,,,,,,,
"Owen, William* ",VA,p ,7,63.2,Halifax ,58,VA ,Farmer ,"$2,000","$170,000","$30,000","$175,000",,45,,,Confederate state legislator ,"Unionist, former Whig "
,VA,,,,,,,,,,,,,,,,,
"Parr, William ",VA,T ,33,51.6,Nansemond ,63,VA ,House carpenter ,$0,$0,$0,$0,,0,,,,
,VA,,,,,,,,,,,,,,,,,
"Plaster, George* ",VA,p ,8,26.5,Loudon ,40,VA ,Physician ,"$4,500","$5,000","$10,000","$7,000",,0,,,,"Secessionist, Confederate captain, had gone to CA during gold rush Union officer "
,VA,,,,,,,,,,,,,,,,,
,VA,,,,,,,,,,,,,,,,,
"Poor, Frederick ",VA,p ,36,54.6,Orange ,27,MS ,Farmer ,,,"$6,000","$1,175",,,,,,
,VA,,,,,,,,,,,,,,,,,
"Reed, William ",VA,T ,49,68.5,Dinwiddie ,45,VA ,Farmer ,"$3,500","$5,000","$1,328",$700,,5,,,,Loyal during war 
,VA,,,,,,,,,,,,,,,,,
"Robertson, M. F.* ",VA,p ,47,30,Patrick and ,,"VA ,_ .",Retail clerk ,,,,,,,,,,Confederate major 
,VA,,,,Franklin ,,,,,,,,,,,,,
"Robertson, William ",VA,p ,35,75.1,Nottoway ,36,VA ,Physician ,"$4,000","$10,000",,,,16,,,,Confederate veteran 
,VA,,,,,,,,,,,,,,,,,
"Rust, George* ",VA,M ,51,9.7,Page ,42,VA ,Physician ,"$2,000","$22,500","$8,000","$3,000",,3,,,,Secessionist 
,VA,,,,,,,,,,,,,,,,,
"Scott, Robert* ",VA,p ,45,38,Fauquier ,33,VA ,Lawyer ,$0,"$3,490","$3,500","$3,000",,,,,State attorney general 1880s-1890s ,"Secessionist, Confederate major on George Pickett's staff "
,VA,,,,,,,,,,,,,,,,,
,VA,,,,,,,,,,,,,,,,,
"Seay, Samuel ",VA,p ,15,75.1,Amelia ,54,VA ,Farmer ,"$4,800","$13,200","$4,500","$1,000",,14,,,,Loyal 
,VA,,,,,,,,,,,,,,,,,
"Snead, Edward* ",VA,T ,42,48.6,Accomac ,39,VA ,Lawyer ,"$50,000","$6,500","$25,000","$3,000",,4,,(Circuit court judge) ,,"Former Whig, loyal "
,VA,,,,,,,,,,,,,,,,,
"Southall, James* ",VA,p ,73,45.6,Albemarle ,38,VA ,Editor ,$0,"$7,000",,,,0,8,,,"Became editor of Richmond Enquirer, initially strong Unionist, then ardent secessionist "
,VA,,,,,,,,,,,,,,,,,
,VA,,,,,,,,,,,,,,,,,
,VA,,,,,,,,,,,,,,,,,
"Staley, David ",VA,p ,5,46.7,Bedford ,54,VA ,Minister ,"$1,200",$435,$770,$100,,0,,,,Loyal 
,VA,,,,,,,,,,,,,,,,,
,VA,,,,,,,,,,,,,,,,,
"Swan, George ",VA,T ,28,60.5,Henrico ,39,NJ ,Carpenter ,$800,$50,,,,0,,,,
,VA,,,,,,,,,,,,,,,,,
"Taylor, W. F. B. ",VA,p ,47,30,Patrick ,38,VA ,Physician ,$0,"$3,000",$800,$150,,0,,,State representative ,Confederate physician 
,VA,,,,,,,,,,,,,,,,,
"Thomas, Christopher ",VA,p ,29,49.7,Henry ,49,VA ,Lawyer ,"$6,000","$14,000","$6,000","$4,000",,8,,(State senator),"state representative, U.S. Congress ",Unionist 
,VA,,,,,,,,,,,,,,,,,
"Thompson, C. L. ",VA,p ,3,54.4,Albemarle ,47,VA ,Merchant ,"$1,500",$500,$0,$800,,0,,,,"Secessionist, Union League official "
,VA,,,,,,,,,,,,,,,,,
"Thompson, John* ",VA,M ,52,20.3,Smyth ,37,VA ,Flour merchant ,"$5,000","$5,000","$10,000",$500,,2,,,,"Confederate officer, secessionist "
,VA,,,,,,,,,,,,,,,,,
"Waddell, Joseph* ",VA,M ,4,27.6,Augusta ,44,VA ,Lawyer ,"$3,450","$8,000","$4,000",500,,2,,(State representative),state senator,"Former Whig, editor of Stanton Spectator "
,VA,,,,,,,,,,,,,,,,,
"Walton, Moses* ",VA,M ,51,9.7,Shenandoah ,41,VA ,Lawyer ,"$3,800","$10,000","$2,000","$10,000",,,,(State legislator) ,,
,VA,,,,,,,,,,,,,,,,,
"Wicker, Herbert ",VA,p ,10,56.1,Pittsylvania ,44,VA ,Teacher ,$0,$50,,,,0,,,,"Loyal, taught in Freedmen's Bureau school "
,VA,,,,,,,,,,,,,,,,,
"Williamson, Samuel ",VA,p ,6,53.6,Campbell ,57,VA ,Lawyer ,"$6,000","$20,000",,,,2,,,,Loyal 
,VA,,,,,,,,,,,,,,,,,
"Wilson, Norval* ",VA,M ,25,20.5,Frederick ,65,VA ,Methodist minister ,"$22,000","$3,000","$1,800",$500,,0,,,,"Antislavery but pro-rebel, visited with John Brown in jail cell shortly before Brown's execution "
,VA,,,,,,,,,,,,,,,,,
,VA,,,,,,,,,,,,,,,,,
,VA,,,,,,,,,,,,,,,,,
"Winston, Ferdinand ",VA,p ,44,8.6,Floyd ,43,VA ,Cabinetmaker ,"$1,500",$910,"$1,500","$4,500",,0,,(Sheriff) ,,"Member of Heroes of America, arrested by Confederate authorities "
,VA,,,,,,,,,,,,,,,,,
,VA,,,,,,,,,,,,,,,,,
"Woodson, John ",VA,M ,11,13,Rockingham ,44,VA ,Lawyer ,"$3,500","$5,000","$4,000","$5,000",,,,,District attorney ,Graduate of U. of VA 
,VA,,,,,,,,,,,,,,,,,